1,2018-01-01 00:00:00,36,2018-01-01 00:00:00,1.62e-07,2018-01-01 00:00:00,1.19269417e-09|2018-01-01 00:00:00,36,2018-01-01 00:00:00,1.61355013e-07,2018-01-01 00:00:00,1.04751563e-09|2018-01-01 00:00:00,9,2018-01-01 00:00:00,1.61680176e-07,2018-01-01 00:00:00,1.19269417e-09|2018-01-01 00:00:00,11,2018-01-01 00:00:00,1.60717351e-07,2018-01-01 00:00:00,1.2029634e-09|2018-01-01 00:00:00,33,2018-01-01 00:00:00,1.53463894e-07,2018-01-01 00:00:00,1.32843225e-09|2018-01-01 00:00:00,47,2018-01-01 00:00:00,1.62212025e-07,2018-01-01 00:00:00,1.42835221e-09|2018-01-01 00:00:00,2,2018-01-01 00:00:00,1.5795572e-07,2018-01-01 00:00:00,1.26813782e-09|2018-01-01 00:00:00,7,2018-01-01 00:00:00,1.5795572e-07,2018-01-01 00:00:00,1.26813782e-09|2018-01-01 00:00:00,0,2018-01-01 00:00:00,1.53463894e-07,2018-01-01 00:00:00,1.32843225e-09|2018-01-01 00:00:00,13,2018-01-01 00:00:00,1.5795572e-07,2018-01-01 00:00:00,1.26813782e-09|2018-01-01 00:00:00,47,2018-01-01 00:00:00,1.60995293e-07,2018-01-01 00:00:00,1.27887567e-09|2018-01-01 00:00:00,18,2018-01-01 00:00:00,1.61680176e-07,2018-01-01 00:00:00,1.19269417e-09
2,2018-02-01 00:00:00,36,2018-02-01 00:00:00,8.26e-08,2018-02-01 00:00:00,5.77518255e-10|2018-02-01 00:00:00,29,2018-02-01 00:00:00,8.59740554e-08,2018-02-01 00:00:00,5.68374126e-10|2018-02-01 00:00:00,12,2018-02-01 00:00:00,8.26049696e-08,2018-02-01 00:00:00,5.77518255e-10|2018-02-01 00:00:00,10,2018-02-01 00:00:00,8.34819534e-08,2018-02-01 00:00:00,4.62903021e-10|2018-02-01 00:00:00,27,2018-02-01 00:00:00,8.1391992e-08,2018-02-01 00:00:00,1.0033534e-09|2018-02-01 00:00:00,56,2018-02-01 00:00:00,8.23005933e-08,2018-02-01 00:00:00,6.31391606e-10|2018-02-01 00:00:00,3,2018-02-01 00:00:00,8.01838552e-08,2018-02-01 00:00:00,5.58407209e-10|2018-02-01 00:00:00,0,2018-02-01 00:00:00,8.01838552e-08,2018-02-01 00:00:00,5.58407209e-10|2018-02-01 00:00:00,4,2018-02-01 00:00:00,8.1391992e-08,2018-02-01 00:00:00,1.0033534e-09|2018-02-01 00:00:00,8,2018-02-01 00:00:00,8.01838552e-08,2018-02-01 00:00:00,5.58407209e-10|2018-02-01 00:00:00,35,2018-02-01 00:00:00,8.35271366e-08,2018-02-01 00:00:00,1.01970299e-09|2018-02-01 00:00:00,17,2018-02-01 00:00:00,8.26049696e-08,2018-02-01 00:00:00,5.77518255e-10
3,2018-03-01 00:00:00,30,2018-03-01 00:00:00,5.15e-08,2018-03-01 00:00:00,4.20163349e-10|2018-03-01 00:00:00,21,2018-03-01 00:00:00,5.73167151e-08,2018-03-01 00:00:00,4.10485035e-10|2018-03-01 00:00:00,9,2018-03-01 00:00:00,5.15410611e-08,2018-03-01 00:00:00,4.20163349e-10|2018-03-01 00:00:00,7,2018-03-01 00:00:00,5.04814851e-08,2018-03-01 00:00:00,2.98401526e-10|2018-03-01 00:00:00,33,2018-03-01 00:00:00,4.93491105e-08,2018-03-01 00:00:00,9.29835875e-10|2018-03-01 00:00:00,38,2018-03-01 00:00:00,4.73713022e-08,2018-03-01 00:00:00,4.65316591e-10|2018-03-01 00:00:00,3,2018-03-01 00:00:00,4.79184784e-08,2018-03-01 00:00:00,4.05516315e-10|2018-03-01 00:00:00,2,2018-03-01 00:00:00,4.79184784e-08,2018-03-01 00:00:00,4.05516315e-10|2018-03-01 00:00:00,3,2018-03-01 00:00:00,4.93491105e-08,2018-03-01 00:00:00,9.29835875e-10|2018-03-01 00:00:00,19,2018-03-01 00:00:00,4.79184784e-08,2018-03-01 00:00:00,4.05516315e-10|2018-03-01 00:00:00,33,2018-03-01 00:00:00,5.27040335e-08,2018-03-01 00:00:00,9.71662417e-10|2018-03-01 00:00:00,12,2018-03-01 00:00:00,5.15410611e-08,2018-03-01 00:00:00,4.20163349e-10
4,2018-04-01 00:00:00,19,2018-04-01 00:00:00,5.45e-08,2018-04-01 00:00:00,3.10734327e-10|2018-04-01 00:00:00,3,2018-04-01 00:00:00,5.87290111e-08,2018-04-01 00:00:00,3.41026624e-10|2018-04-01 00:00:00,2,2018-04-01 00:00:00,5.45453688e-08,2018-04-01 00:00:00,3.10734327e-10|2018-04-01 00:00:00,3,2018-04-01 00:00:00,5.45386621e-08,2018-04-01 00:00:00,2.43549708e-10|2018-04-01 00:00:00,5,2018-04-01 00:00:00,5.43672875e-08,2018-04-01 00:00:00,7.34538708e-10|2018-04-01 00:00:00,27,2018-04-01 00:00:00,5.27856477e-08,2018-04-01 00:00:00,4.23623137e-10|2018-04-01 00:00:00,1,2018-04-01 00:00:00,5.26643829e-08,2018-04-01 00:00:00,2.68483902e-10|2018-04-01 00:00:00,1,2018-04-01 00:00:00,5.26643829e-08,2018-04-01 00:00:00,2.68483902e-10|2018-04-01 00:00:00,3,2018-04-01 00:00:00,5.43672875e-08,2018-04-01 00:00:00,7.34538708e-10|2018-04-01 00:00:00,11,2018-04-01 00:00:00,5.26643829e-08,2018-04-01 00:00:00,2.68483902e-10|2018-04-01 00:00:00,27,2018-04-01 00:00:00,5.59348595e-08,2018-04-01 00:00:00,8.10958856e-10|2018-04-01 00:00:00,11,2018-04-01 00:00:00,5.45453688e-08,2018-04-01 00:00:00,3.10734327e-10
5,2018-05-01 00:00:00,2,2018-05-01 00:00:00,2.79e-08,2018-05-01 00:00:00,3.16420529e-10|2018-05-01 00:00:00,3,2018-05-01 00:00:00,3.14726767e-08,2018-05-01 00:00:00,3.36767475e-10|2018-05-01 00:00:00,9,2018-05-01 00:00:00,2.78506967e-08,2018-05-01 00:00:00,3.16420529e-10|2018-05-01 00:00:00,5,2018-05-01 00:00:00,2.77330561e-08,2018-05-01 00:00:00,2.38349479e-10|2018-05-01 00:00:00,4,2018-05-01 00:00:00,2.7111635e-08,2018-05-01 00:00:00,7.51998575e-10|2018-05-01 00:00:00,19,2018-05-01 00:00:00,2.57839684e-08,2018-05-01 00:00:00,3.63289593e-10|2018-05-01 00:00:00,0,2018-05-01 00:00:00,2.58259401e-08,2018-05-01 00:00:00,2.63939981e-10|2018-05-01 00:00:00,0,2018-05-01 00:00:00,2.58259401e-08,2018-05-01 00:00:00,2.63939981e-10|2018-05-01 00:00:00,2,2018-05-01 00:00:00,2.7111635e-08,2018-05-01 00:00:00,7.51998575e-10|2018-05-01 00:00:00,6,2018-05-01 00:00:00,2.58259401e-08,2018-05-01 00:00:00,2.63939981e-10|2018-05-01 00:00:00,36,2018-05-01 00:00:00,2.89099112e-08,2018-05-01 00:00:00,8.05125133e-10|2018-05-01 00:00:00,15,2018-05-01 00:00:00,2.78506967e-08,2018-05-01 00:00:00,3.16420529e-10
6,2018-06-01 00:00:00,2,2018-06-01 00:00:00,2.07e-08,2018-06-01 00:00:00,3.01960845e-10|2018-06-01 00:00:00,1,2018-06-01 00:00:00,2.36456666e-08,2018-06-01 00:00:00,3.00094893e-10|2018-06-01 00:00:00,5,2018-06-01 00:00:00,2.06731444e-08,2018-06-01 00:00:00,3.01960845e-10|2018-06-01 00:00:00,11,2018-06-01 00:00:00,1.9972952e-08,2018-06-01 00:00:00,2.1675213e-10|2018-06-01 00:00:00,13,2018-06-01 00:00:00,2.04694043e-08,2018-06-01 00:00:00,7.38622385e-10|2018-06-01 00:00:00,16,2018-06-01 00:00:00,1.86097711e-08,2018-06-01 00:00:00,3.07306236e-10|2018-06-01 00:00:00,1,2018-06-01 00:00:00,1.89477434e-08,2018-06-01 00:00:00,2.59548216e-10|2018-06-01 00:00:00,4,2018-06-01 00:00:00,1.89477434e-08,2018-06-01 00:00:00,2.59548216e-10|2018-06-01 00:00:00,2,2018-06-01 00:00:00,2.04694043e-08,2018-06-01 00:00:00,7.38622385e-10|2018-06-01 00:00:00,14,2018-06-01 00:00:00,1.89477434e-08,2018-06-01 00:00:00,2.59548216e-10|2018-06-01 00:00:00,64,2018-06-01 00:00:00,2.20097707e-08,2018-06-01 00:00:00,7.65526642e-10|2018-06-01 00:00:00,31,2018-06-01 00:00:00,2.06731444e-08,2018-06-01 00:00:00,3.01960845e-10
7,2018-07-01 00:00:00,2,2018-07-01 00:00:00,1.44e-08,2018-07-01 00:00:00,2.50263005e-10|2018-07-01 00:00:00,1,2018-07-01 00:00:00,1.6380768e-08,2018-07-01 00:00:00,2.44898407e-10|2018-07-01 00:00:00,7,2018-07-01 00:00:00,1.4433399e-08,2018-07-01 00:00:00,2.50263005e-10|2018-07-01 00:00:00,7,2018-07-01 00:00:00,1.41780638e-08,2018-07-01 00:00:00,2.08762188e-10|2018-07-01 00:00:00,2,2018-07-01 00:00:00,1.48636758e-08,2018-07-01 00:00:00,6.15258511e-10|2018-07-01 00:00:00,16,2018-07-01 00:00:00,1.30043025e-08,2018-07-01 00:00:00,2.56885679e-10|2018-07-01 00:00:00,0,2018-07-01 00:00:00,1.34416454e-08,2018-07-01 00:00:00,2.21887231e-10|2018-07-01 00:00:00,4,2018-07-01 00:00:00,1.34416454e-08,2018-07-01 00:00:00,2.21887231e-10|2018-07-01 00:00:00,4,2018-07-01 00:00:00,1.48636758e-08,2018-07-01 00:00:00,6.15258511e-10|2018-07-01 00:00:00,13,2018-07-01 00:00:00,1.34416454e-08,2018-07-01 00:00:00,2.21887231e-10|2018-07-01 00:00:00,63,2018-07-01 00:00:00,1.52159419e-08,2018-07-01 00:00:00,5.94671035e-10|2018-07-01 00:00:00,31,2018-07-01 00:00:00,1.4433399e-08,2018-07-01 00:00:00,2.50263005e-10
8,2018-08-01 00:00:00,2,2018-08-01 00:00:00,1.01e-08,2018-08-01 00:00:00,2.08433173e-10|2018-08-01 00:00:00,2,2018-08-01 00:00:00,1.18824943e-08,2018-08-01 00:00:00,2.11953025e-10|2018-08-01 00:00:00,13,2018-08-01 00:00:00,1.00977091e-08,2018-08-01 00:00:00,2.08433173e-10|2018-08-01 00:00:00,10,2018-08-01 00:00:00,9.75834667e-09,2018-08-01 00:00:00,1.7507823e-10|2018-08-01 00:00:00,3,2018-08-01 00:00:00,1.01807696e-08,2018-08-01 00:00:00,5.16757248e-10|2018-08-01 00:00:00,21,2018-08-01 00:00:00,9.06300433e-09,2018-08-01 00:00:00,2.20373039e-10|2018-08-01 00:00:00,0,2018-08-01 00:00:00,9.22291003e-09,2018-08-01 00:00:00,1.75886847e-10|2018-08-01 00:00:00,3,2018-08-01 00:00:00,9.22291003e-09,2018-08-01 00:00:00,1.75886847e-10|2018-08-01 00:00:00,3,2018-08-01 00:00:00,1.01807696e-08,2018-08-01 00:00:00,5.16757248e-10|2018-08-01 00:00:00,12,2018-08-01 00:00:00,9.22291003e-09,2018-08-01 00:00:00,1.75886847e-10|2018-08-01 00:00:00,46,2018-08-01 00:00:00,1.06697429e-08,2018-08-01 00:00:00,5.18492638e-10|2018-08-01 00:00:00,22,2018-08-01 00:00:00,1.00977091e-08,2018-08-01 00:00:00,2.08433173e-10
9,2018-09-01 00:00:00,1,2018-09-01 00:00:00,1.49e-08,2018-09-01 00:00:00,2.47489668e-10|2018-09-01 00:00:00,5,2018-09-01 00:00:00,1.79121706e-08,2018-09-01 00:00:00,2.58101485e-10|2018-09-01 00:00:00,3,2018-09-01 00:00:00,1.4949343e-08,2018-09-01 00:00:00,2.47489668e-10|2018-09-01 00:00:00,8,2018-09-01 00:00:00,1.48157016e-08,2018-09-01 00:00:00,2.1563977e-10|2018-09-01 00:00:00,9,2018-09-01 00:00:00,1.39694698e-08,2018-09-01 00:00:00,6.17145779e-10|2018-09-01 00:00:00,24,2018-09-01 00:00:00,1.29078878e-08,2018-09-01 00:00:00,2.91751068e-10|2018-09-01 00:00:00,2,2018-09-01 00:00:00,1.31425144e-08,2018-09-01 00:00:00,2.00981259e-10|2018-09-01 00:00:00,1,2018-09-01 00:00:00,1.31425144e-08,2018-09-01 00:00:00,2.00981259e-10|2018-09-01 00:00:00,5,2018-09-01 00:00:00,1.39694698e-08,2018-09-01 00:00:00,6.17145779e-10|2018-09-01 00:00:00,13,2018-09-01 00:00:00,1.31425144e-08,2018-09-01 00:00:00,2.00981259e-10|2018-09-01 00:00:00,44,2018-09-01 00:00:00,1.54043072e-08,2018-09-01 00:00:00,6.22005503e-10|2018-09-01 00:00:00,15,2018-09-01 00:00:00,1.4949343e-08,2018-09-01 00:00:00,2.47489668e-10
10,2018-10-01 00:00:00,2,2018-10-01 00:00:00,2.66e-08,2018-10-01 00:00:00,3.74728554e-10|2018-10-01 00:00:00,33,2018-10-01 00:00:00,3.08475984e-08,2018-10-01 00:00:00,3.79237031e-10|2018-10-01 00:00:00,17,2018-10-01 00:00:00,2.66437136e-08,2018-10-01 00:00:00,3.74728554e-10|2018-10-01 00:00:00,10,2018-10-01 00:00:00,2.69173784e-08,2018-10-01 00:00:00,3.34372863e-10|2018-10-01 00:00:00,13,2018-10-01 00:00:00,2.38738641e-08,2018-10-01 00:00:00,8.44509518e-10|2018-10-01 00:00:00,61,2018-10-01 00:00:00,2.36721074e-08,2018-10-01 00:00:00,4.162862e-10|2018-10-01 00:00:00,2,2018-10-01 00:00:00,2.32145893e-08,2018-10-01 00:00:00,3.34460265e-10|2018-10-01 00:00:00,0,2018-10-01 00:00:00,2.32145893e-08,2018-10-01 00:00:00,3.34460265e-10|2018-10-01 00:00:00,5,2018-10-01 00:00:00,2.38738641e-08,2018-10-01 00:00:00,8.44509518e-10|2018-10-01 00:00:00,4,2018-10-01 00:00:00,2.32145893e-08,2018-10-01 00:00:00,3.34460265e-10|2018-10-01 00:00:00,73,2018-10-01 00:00:00,2.70748488e-08,2018-10-01 00:00:00,8.27501567e-10|2018-10-01 00:00:00,30,2018-10-01 00:00:00,2.66437136e-08,2018-10-01 00:00:00,3.74728554e-10
11,2018-11-01 00:00:00,9,2018-11-01 00:00:00,4.22e-08,2018-11-01 00:00:00,7.25815463e-10|2018-11-01 00:00:00,41,2018-11-01 00:00:00,4.27922021e-08,2018-11-01 00:00:00,6.94149127e-10|2018-11-01 00:00:00,24,2018-11-01 00:00:00,4.2237292e-08,2018-11-01 00:00:00,7.25815463e-10|2018-11-01 00:00:00,20,2018-11-01 00:00:00,4.15820481e-08,2018-11-01 00:00:00,6.44703735e-10|2018-11-01 00:00:00,32,2018-11-01 00:00:00,4.50371624e-08,2018-11-01 00:00:00,1.15213439e-09|2018-11-01 00:00:00,52,2018-11-01 00:00:00,4.1128254e-08,2018-11-01 00:00:00,6.71604217e-10|2018-11-01 00:00:00,2,2018-11-01 00:00:00,4.21994032e-08,2018-11-01 00:00:00,6.48150422e-10|2018-11-01 00:00:00,5,2018-11-01 00:00:00,4.21994032e-08,2018-11-01 00:00:00,6.48150422e-10|2018-11-01 00:00:00,3,2018-11-01 00:00:00,4.50371624e-08,2018-11-01 00:00:00,1.15213439e-09|2018-11-01 00:00:00,22,2018-11-01 00:00:00,4.21994032e-08,2018-11-01 00:00:00,6.48150422e-10|2018-11-01 00:00:00,44,2018-11-01 00:00:00,4.39544396e-08,2018-11-01 00:00:00,1.07549936e-09|2018-11-01 00:00:00,18,2018-11-01 00:00:00,4.2237292e-08,2018-11-01 00:00:00,7.25815463e-10
12,2018-12-01 00:00:00,37,2018-12-01 00:00:00,1.35e-07,2018-12-01 00:00:00,1.06785947e-09|2018-12-01 00:00:00,35,2018-12-01 00:00:00,1.38579241e-07,2018-12-01 00:00:00,8.98304375e-10|2018-12-01 00:00:00,37,2018-12-01 00:00:00,1.34906335e-07,2018-12-01 00:00:00,1.06785947e-09|2018-12-01 00:00:00,21,2018-12-01 00:00:00,1.29090085e-07,2018-12-01 00:00:00,9.55358237e-10|2018-12-01 00:00:00,30,2018-12-01 00:00:00,1.2770333e-07,2018-12-01 00:00:00,1.25385247e-09|2018-12-01 00:00:00,69,2018-12-01 00:00:00,1.28585356e-07,2018-12-01 00:00:00,1.01563014e-09|2018-12-01 00:00:00,5,2018-12-01 00:00:00,1.30419748e-07,2018-12-01 00:00:00,1.05250153e-09|2018-12-01 00:00:00,0,2018-12-01 00:00:00,1.30419748e-07,2018-12-01 00:00:00,1.05250153e-09|2018-12-01 00:00:00,5,2018-12-01 00:00:00,1.2770333e-07,2018-12-01 00:00:00,1.25385247e-09|2018-12-01 00:00:00,13,2018-12-01 00:00:00,1.30419748e-07,2018-12-01 00:00:00,1.05250153e-09|2018-12-01 00:00:00,51,2018-12-01 00:00:00,1.35089127e-07,2018-12-01 00:00:00,1.17155574e-09|2018-12-01 00:00:00,20,2018-12-01 00:00:00,1.34906335e-07,2018-12-01 00:00:00,1.06785947e-09
13,2019-01-01 00:00:00,19,2019-01-01 00:00:00,8.8e-08,2019-01-01 00:00:00,8.00668698e-10|2019-01-01 00:00:00,36,2019-01-01 00:00:00,9.05564771e-08,2019-01-01 00:00:00,7.88908106e-10|2019-01-01 00:00:00,11,2019-01-01 00:00:00,8.80164325e-08,2019-01-01 00:00:00,8.00668698e-10|2019-01-01 00:00:00,8,2019-01-01 00:00:00,9.16957153e-08,2019-01-01 00:00:00,7.4669565e-10|2019-01-01 00:00:00,27,2019-01-01 00:00:00,8.26466515e-08,2019-01-01 00:00:00,1.00516873e-09|2019-01-01 00:00:00,57,2019-01-01 00:00:00,9.221331e-08,2019-01-01 00:00:00,8.00303546e-10|2019-01-01 00:00:00,6,2019-01-01 00:00:00,8.64288359e-08,2019-01-01 00:00:00,7.36878336e-10|2019-01-01 00:00:00,2,2019-01-01 00:00:00,8.64288359e-08,2019-01-01 00:00:00,7.36878336e-10|2019-01-01 00:00:00,5,2019-01-01 00:00:00,8.26466515e-08,2019-01-01 00:00:00,1.00516873e-09|2019-01-01 00:00:00,0,2019-01-01 00:00:00,8.64288359e-08,2019-01-01 00:00:00,7.36878336e-10|2019-01-01 00:00:00,45,2019-01-01 00:00:00,8.3719287e-08,2019-01-01 00:00:00,1.01017394e-09|2019-01-01 00:00:00,25,2019-01-01 00:00:00,8.80164325e-08,2019-01-01 00:00:00,8.00668698e-10
14,2019-02-01 00:00:00,21,2019-02-01 00:00:00,1.02e-07,2019-02-01 00:00:00,8.5839591e-10|2019-02-01 00:00:00,16,2019-02-01 00:00:00,1.03253791e-07,2019-02-01 00:00:00,7.56715468e-10|2019-02-01 00:00:00,15,2019-02-01 00:00:00,1.01658351e-07,2019-02-01 00:00:00,8.5839591e-10|2019-02-01 00:00:00,4,2019-02-01 00:00:00,1.02343443e-07,2019-02-01 00:00:00,7.41314843e-10|2019-02-01 00:00:00,20,2019-02-01 00:00:00,9.65842867e-08,2019-02-01 00:00:00,1.0710457e-09|2019-02-01 00:00:00,41,2019-02-01 00:00:00,1.02596693e-07,2019-02-01 00:00:00,9.89325177e-10|2019-02-01 00:00:00,3,2019-02-01 00:00:00,1.00151219e-07,2019-02-01 00:00:00,8.75297446e-10|2019-02-01 00:00:00,0,2019-02-01 00:00:00,1.00151219e-07,2019-02-01 00:00:00,8.75297446e-10|2019-02-01 00:00:00,2,2019-02-01 00:00:00,9.65842867e-08,2019-02-01 00:00:00,1.0710457e-09|2019-02-01 00:00:00,0,2019-02-01 00:00:00,1.00151219e-07,2019-02-01 00:00:00,8.75297446e-10|2019-02-01 00:00:00,65,2019-02-01 00:00:00,9.97908053e-08,2019-02-01 00:00:00,1.10130782e-09|2019-02-01 00:00:00,30,2019-02-01 00:00:00,1.01658351e-07,2019-02-01 00:00:00,8.5839591e-10
15,2019-03-01 00:00:00,5,2019-03-01 00:00:00,5.56e-08,2019-03-01 00:00:00,5.37800249e-10|2019-03-01 00:00:00,24,2019-03-01 00:00:00,5.95614451e-08,2019-03-01 00:00:00,5.3542748e-10|2019-03-01 00:00:00,14,2019-03-01 00:00:00,5.55682514e-08,2019-03-01 00:00:00,5.37800249e-10|2019-03-01 00:00:00,12,2019-03-01 00:00:00,5.79048692e-08,2019-03-01 00:00:00,4.350654e-10|2019-03-01 00:00:00,15,2019-03-01 00:00:00,5.43386668e-08,2019-03-01 00:00:00,1.01300723e-09|2019-03-01 00:00:00,41,2019-03-01 00:00:00,5.70384693e-08,2019-03-01 00:00:00,5.60998803e-10|2019-03-01 00:00:00,7,2019-03-01 00:00:00,5.55220341e-08,2019-03-01 00:00:00,4.86412133e-10|2019-03-01 00:00:00,0,2019-03-01 00:00:00,5.55220341e-08,2019-03-01 00:00:00,4.86412133e-10|2019-03-01 00:00:00,2,2019-03-01 00:00:00,5.43386668e-08,2019-03-01 00:00:00,1.01300723e-09|2019-03-01 00:00:00,0,2019-03-01 00:00:00,5.55220341e-08,2019-03-01 00:00:00,4.86412133e-10|2019-03-01 00:00:00,42,2019-03-01 00:00:00,5.41854891e-08,2019-03-01 00:00:00,1.05340658e-09|2019-03-01 00:00:00,26,2019-03-01 00:00:00,5.55682514e-08,2019-03-01 00:00:00,5.37800249e-10
16,2019-04-01 00:00:00,5,2019-04-01 00:00:00,4.36e-08,2019-04-01 00:00:00,3.81634141e-10|2019-04-01 00:00:00,11,2019-04-01 00:00:00,4.86594628e-08,2019-04-01 00:00:00,3.99718258e-10|2019-04-01 00:00:00,15,2019-04-01 00:00:00,4.36338896e-08,2019-04-01 00:00:00,3.81634141e-10|2019-04-01 00:00:00,3,2019-04-01 00:00:00,4.38486584e-08,2019-04-01 00:00:00,3.13074011e-10|2019-04-01 00:00:00,7,2019-04-01 00:00:00,4.11640151e-08,2019-04-01 00:00:00,8.2611662e-10|2019-04-01 00:00:00,5,2019-04-01 00:00:00,4.16917549e-08,2019-04-01 00:00:00,4.8683868e-10|2019-04-01 00:00:00,6,2019-04-01 00:00:00,4.01977315e-08,2019-04-01 00:00:00,3.25835248e-10|2019-04-01 00:00:00,0,2019-04-01 00:00:00,4.01977315e-08,2019-04-01 00:00:00,3.25835248e-10|2019-04-01 00:00:00,0,2019-04-01 00:00:00,4.11640151e-08,2019-04-01 00:00:00,8.2611662e-10|2019-04-01 00:00:00,0,2019-04-01 00:00:00,4.01977315e-08,2019-04-01 00:00:00,3.25835248e-10|2019-04-01 00:00:00,43,2019-04-01 00:00:00,4.44067475e-08,2019-04-01 00:00:00,8.78856043e-10|2019-04-01 00:00:00,20,2019-04-01 00:00:00,4.36338896e-08,2019-04-01 00:00:00,3.81634141e-10
17,2019-05-01 00:00:00,1,2019-05-01 00:00:00,2.54e-08,2019-05-01 00:00:00,3.37005812e-10|2019-05-01 00:00:00,4,2019-05-01 00:00:00,2.79067753e-08,2019-05-01 00:00:00,3.49942464e-10|2019-05-01 00:00:00,4,2019-05-01 00:00:00,2.53620374e-08,2019-05-01 00:00:00,3.37005812e-10|2019-05-01 00:00:00,1,2019-05-01 00:00:00,2.5598587e-08,2019-05-01 00:00:00,2.61942273e-10|2019-05-01 00:00:00,10,2019-05-01 00:00:00,2.61138741e-08,2019-05-01 00:00:00,7.91621213e-10|2019-05-01 00:00:00,4,2019-05-01 00:00:00,2.52274974e-08,2019-05-01 00:00:00,3.7944603e-10|2019-05-01 00:00:00,5,2019-05-01 00:00:00,2.47205198e-08,2019-05-01 00:00:00,2.85915513e-10|2019-05-01 00:00:00,1,2019-05-01 00:00:00,2.47205198e-08,2019-05-01 00:00:00,2.85915513e-10|2019-05-01 00:00:00,1,2019-05-01 00:00:00,2.61138741e-08,2019-05-01 00:00:00,7.91621213e-10|2019-05-01 00:00:00,0,2019-05-01 00:00:00,2.47205198e-08,2019-05-01 00:00:00,2.85915513e-10|2019-05-01 00:00:00,49,2019-05-01 00:00:00,2.69984134e-08,2019-05-01 00:00:00,8.20430446e-10|2019-05-01 00:00:00,22,2019-05-01 00:00:00,2.53620374e-08,2019-05-01 00:00:00,3.37005812e-10
18,2019-06-01 00:00:00,1,2019-06-01 00:00:00,1.61e-08,2019-06-01 00:00:00,2.61851457e-10|2019-06-01 00:00:00,3,2019-06-01 00:00:00,1.81379809e-08,2019-06-01 00:00:00,2.56324267e-10|2019-06-01 00:00:00,5,2019-06-01 00:00:00,1.61142121e-08,2019-06-01 00:00:00,2.61851457e-10|2019-06-01 00:00:00,3,2019-06-01 00:00:00,1.55283437e-08,2019-06-01 00:00:00,1.97614466e-10|2019-06-01 00:00:00,3,2019-06-01 00:00:00,1.66367817e-08,2019-06-01 00:00:00,6.4615191e-10|2019-06-01 00:00:00,5,2019-06-01 00:00:00,1.47616446e-08,2019-06-01 00:00:00,2.73534556e-10|2019-06-01 00:00:00,6,2019-06-01 00:00:00,1.55974991e-08,2019-06-01 00:00:00,2.3181719e-10|2019-06-01 00:00:00,0,2019-06-01 00:00:00,1.55974991e-08,2019-06-01 00:00:00,2.3181719e-10|2019-06-01 00:00:00,7,2019-06-01 00:00:00,1.66367817e-08,2019-06-01 00:00:00,6.4615191e-10|2019-06-01 00:00:00,0,2019-06-01 00:00:00,1.55974991e-08,2019-06-01 00:00:00,2.3181719e-10|2019-06-01 00:00:00,39,2019-06-01 00:00:00,1.70229656e-08,2019-06-01 00:00:00,6.49977905e-10|2019-06-01 00:00:00,31,2019-06-01 00:00:00,1.61142121e-08,2019-06-01 00:00:00,2.61851457e-10
19,2019-07-01 00:00:00,4,2019-07-01 00:00:00,1.31e-08,2019-07-01 00:00:00,2.41488635e-10|2019-07-01 00:00:00,8,2019-07-01 00:00:00,1.50912445e-08,2019-07-01 00:00:00,2.44192638e-10|2019-07-01 00:00:00,2,2019-07-01 00:00:00,1.31156442e-08,2019-07-01 00:00:00,2.41488635e-10|2019-07-01 00:00:00,4,2019-07-01 00:00:00,1.31761686e-08,2019-07-01 00:00:00,1.9827634e-10|2019-07-01 00:00:00,5,2019-07-01 00:00:00,1.40294992e-08,2019-07-01 00:00:00,6.01931449e-10|2019-07-01 00:00:00,3,2019-07-01 00:00:00,1.28117761e-08,2019-07-01 00:00:00,2.59867683e-10|2019-07-01 00:00:00,6,2019-07-01 00:00:00,1.27469385e-08,2019-07-01 00:00:00,2.08734988e-10|2019-07-01 00:00:00,1,2019-07-01 00:00:00,1.27469385e-08,2019-07-01 00:00:00,2.08734988e-10|2019-07-01 00:00:00,3,2019-07-01 00:00:00,1.40294992e-08,2019-07-01 00:00:00,6.01931449e-10|2019-07-01 00:00:00,0,2019-07-01 00:00:00,1.27469385e-08,2019-07-01 00:00:00,2.08734988e-10|2019-07-01 00:00:00,42,2019-07-01 00:00:00,1.39831614e-08,2019-07-01 00:00:00,6.00343997e-10|2019-07-01 00:00:00,29,2019-07-01 00:00:00,1.31156442e-08,2019-07-01 00:00:00,2.41488635e-10
20,2019-08-01 00:00:00,0,2019-08-01 00:00:00,9.57e-09,2019-08-01 00:00:00,2.16154011e-10|2019-08-01 00:00:00,8,2019-08-01 00:00:00,1.12251008e-08,2019-08-01 00:00:00,2.29188585e-10|2019-08-01 00:00:00,3,2019-08-01 00:00:00,9.57207331e-09,2019-08-01 00:00:00,2.16154011e-10|2019-08-01 00:00:00,4,2019-08-01 00:00:00,9.18502899e-09,2019-08-01 00:00:00,1.82497711e-10|2019-08-01 00:00:00,6,2019-08-01 00:00:00,1.04445611e-08,2019-08-01 00:00:00,5.04734865e-10|2019-08-01 00:00:00,4,2019-08-01 00:00:00,8.60579388e-09,2019-08-01 00:00:00,2.3921562e-10|2019-08-01 00:00:00,5,2019-08-01 00:00:00,9.16365668e-09,2019-08-01 00:00:00,1.67505371e-10|2019-08-01 00:00:00,6,2019-08-01 00:00:00,9.16365668e-09,2019-08-01 00:00:00,1.67505371e-10|2019-08-01 00:00:00,2,2019-08-01 00:00:00,1.04445611e-08,2019-08-01 00:00:00,5.04734865e-10|2019-08-01 00:00:00,0,2019-08-01 00:00:00,9.16365668e-09,2019-08-01 00:00:00,1.67505371e-10|2019-08-01 00:00:00,47,2019-08-01 00:00:00,1.05597005e-08,2019-08-01 00:00:00,5.27927146e-10|2019-08-01 00:00:00,29,2019-08-01 00:00:00,9.57207331e-09,2019-08-01 00:00:00,2.16154011e-10
21,2019-09-01 00:00:00,5,2019-09-01 00:00:00,1.87e-08,2019-09-01 00:00:00,2.69660849e-10|2019-09-01 00:00:00,0,2019-09-01 00:00:00,2.2821289e-08,2019-09-01 00:00:00,2.75746759e-10|2019-09-01 00:00:00,3,2019-09-01 00:00:00,1.8680536e-08,2019-09-01 00:00:00,2.69660849e-10|2019-09-01 00:00:00,3,2019-09-01 00:00:00,1.81939089e-08,2019-09-01 00:00:00,2.23309801e-10|2019-09-01 00:00:00,9,2019-09-01 00:00:00,1.78979968e-08,2019-09-01 00:00:00,6.73434974e-10|2019-09-01 00:00:00,7,2019-09-01 00:00:00,1.60171668e-08,2019-09-01 00:00:00,3.06772052e-10|2019-09-01 00:00:00,8,2019-09-01 00:00:00,1.64477285e-08,2019-09-01 00:00:00,2.31355324e-10|2019-09-01 00:00:00,2,2019-09-01 00:00:00,1.64477285e-08,2019-09-01 00:00:00,2.31355324e-10|2019-09-01 00:00:00,2,2019-09-01 00:00:00,1.78979968e-08,2019-09-01 00:00:00,6.73434974e-10|2019-09-01 00:00:00,0,2019-09-01 00:00:00,1.64477285e-08,2019-09-01 00:00:00,2.31355324e-10|2019-09-01 00:00:00,49,2019-09-01 00:00:00,1.9670502e-08,2019-09-01 00:00:00,6.77384482e-10|2019-09-01 00:00:00,28,2019-09-01 00:00:00,1.8680536e-08,2019-09-01 00:00:00,2.69660849e-10
22,2019-10-01 00:00:00,8,2019-10-01 00:00:00,1.85e-08,2019-10-01 00:00:00,2.63720878e-10|2019-10-01 00:00:00,14,2019-10-01 00:00:00,2.14696804e-08,2019-10-01 00:00:00,2.65673428e-10|2019-10-01 00:00:00,5,2019-10-01 00:00:00,1.85109857e-08,2019-10-01 00:00:00,2.63720878e-10|2019-10-01 00:00:00,7,2019-10-01 00:00:00,1.83798129e-08,2019-10-01 00:00:00,2.56597549e-10|2019-10-01 00:00:00,22,2019-10-01 00:00:00,1.77497807e-08,2019-10-01 00:00:00,6.18826379e-10|2019-10-01 00:00:00,28,2019-10-01 00:00:00,1.71326171e-08,2019-10-01 00:00:00,3.80267151e-10|2019-10-01 00:00:00,11,2019-10-01 00:00:00,1.70632501e-08,2019-10-01 00:00:00,2.52839388e-10|2019-10-01 00:00:00,1,2019-10-01 00:00:00,1.70632501e-08,2019-10-01 00:00:00,2.52839388e-10|2019-10-01 00:00:00,2,2019-10-01 00:00:00,1.77497807e-08,2019-10-01 00:00:00,6.18826379e-10|2019-10-01 00:00:00,0,2019-10-01 00:00:00,1.70632501e-08,2019-10-01 00:00:00,2.52839388e-10|2019-10-01 00:00:00,34,2019-10-01 00:00:00,1.92047438e-08,2019-10-01 00:00:00,5.6002647e-10|2019-10-01 00:00:00,26,2019-10-01 00:00:00,1.85109857e-08,2019-10-01 00:00:00,2.63720878e-10
23,2019-11-01 00:00:00,18,2019-11-01 00:00:00,3.4e-08,2019-11-01 00:00:00,6.38884612e-10|2019-11-01 00:00:00,34,2019-11-01 00:00:00,3.38379719e-08,2019-11-01 00:00:00,6.61776967e-10|2019-11-01 00:00:00,14,2019-11-01 00:00:00,3.40312317e-08,2019-11-01 00:00:00,6.38884612e-10|2019-11-01 00:00:00,7,2019-11-01 00:00:00,3.36966561e-08,2019-11-01 00:00:00,6.06950656e-10|2019-11-01 00:00:00,29,2019-11-01 00:00:00,3.82132073e-08,2019-11-01 00:00:00,9.72213754e-10|2019-11-01 00:00:00,42,2019-11-01 00:00:00,3.47064736e-08,2019-11-01 00:00:00,5.62657421e-10|2019-11-01 00:00:00,11,2019-11-01 00:00:00,3.55451525e-08,2019-11-01 00:00:00,4.77794082e-10|2019-11-01 00:00:00,8,2019-11-01 00:00:00,3.55451525e-08,2019-11-01 00:00:00,4.77794082e-10|2019-11-01 00:00:00,4,2019-11-01 00:00:00,3.82132073e-08,2019-11-01 00:00:00,9.72213754e-10|2019-11-01 00:00:00,0,2019-11-01 00:00:00,3.55451525e-08,2019-11-01 00:00:00,4.77794082e-10|2019-11-01 00:00:00,31,2019-11-01 00:00:00,3.63567403e-08,2019-11-01 00:00:00,9.63802926e-10|2019-11-01 00:00:00,18,2019-11-01 00:00:00,3.40312317e-08,2019-11-01 00:00:00,6.38884612e-10
24,2019-12-01 00:00:00,28,2019-12-01 00:00:00,6.56e-08,2019-12-01 00:00:00,9.1977137e-10|2019-12-01 00:00:00,34,2019-12-01 00:00:00,6.86777076e-08,2019-12-01 00:00:00,8.42532655e-10|2019-12-01 00:00:00,17,2019-12-01 00:00:00,6.55532141e-08,2019-12-01 00:00:00,9.1977137e-10|2019-12-01 00:00:00,10,2019-12-01 00:00:00,6.33764762e-08,2019-12-01 00:00:00,8.45488568e-10|2019-12-01 00:00:00,31,2019-12-01 00:00:00,7.07946749e-08,2019-12-01 00:00:00,1.12959431e-09|2019-12-01 00:00:00,48,2019-12-01 00:00:00,6.60704229e-08,2019-12-01 00:00:00,8.6825902e-10|2019-12-01 00:00:00,2,2019-12-01 00:00:00,6.82761899e-08,2019-12-01 00:00:00,8.70897521e-10|2019-12-01 00:00:00,0,2019-12-01 00:00:00,6.82761899e-08,2019-12-01 00:00:00,8.70897521e-10|2019-12-01 00:00:00,1,2019-12-01 00:00:00,7.07946749e-08,2019-12-01 00:00:00,1.12959431e-09|2019-12-01 00:00:00,0,2019-12-01 00:00:00,6.82761899e-08,2019-12-01 00:00:00,8.70897521e-10|2019-12-01 00:00:00,39,2019-12-01 00:00:00,6.97023356e-08,2019-12-01 00:00:00,1.0794845e-09|2019-12-01 00:00:00,21,2019-12-01 00:00:00,6.55532141e-08,2019-12-01 00:00:00,9.1977137e-10
25,2020-01-01 00:00:00,16,2020-01-01 00:00:00,1.67e-07,2020-01-01 00:00:00,1.17115828e-09|2020-01-01 00:00:00,28,2020-01-01 00:00:00,1.69993345e-07,2020-01-01 00:00:00,9.52976253e-10|2020-01-01 00:00:00,16,2020-01-01 00:00:00,1.67077488e-07,2020-01-01 00:00:00,1.17115828e-09|2020-01-01 00:00:00,8,2020-01-01 00:00:00,1.6398006e-07,2020-01-01 00:00:00,9.83687243e-10|2020-01-01 00:00:00,36,2020-01-01 00:00:00,1.68300095e-07,2020-01-01 00:00:00,1.53145907e-09|2020-01-01 00:00:00,38,2020-01-01 00:00:00,1.70245918e-07,2020-01-01 00:00:00,1.34792066e-09|2020-01-01 00:00:00,6,2020-01-01 00:00:00,1.6993707799999999e-07,2020-01-01 00:00:00,1.48691748e-09|2020-01-01 00:00:00,1,2020-01-01 00:00:00,1.6993707799999999e-07,2020-01-01 00:00:00,1.48691748e-09|2020-01-01 00:00:00,10,2020-01-01 00:00:00,1.68300095e-07,2020-01-01 00:00:00,1.53145907e-09|2020-01-01 00:00:00,0,2020-01-01 00:00:00,1.6993707799999999e-07,2020-01-01 00:00:00,1.48691748e-09|2020-01-01 00:00:00,27,2020-01-01 00:00:00,1.70257188e-07,2020-01-01 00:00:00,1.27973221e-09|2020-01-01 00:00:00,9,2020-01-01 00:00:00,1.67077488e-07,2020-01-01 00:00:00,1.17115828e-09
26,2020-02-01 00:00:00,33,2020-02-01 00:00:00,1.54e-07,2020-02-01 00:00:00,1.06184472e-09|2020-02-01 00:00:00,23,2020-02-01 00:00:00,1.56102993e-07,2020-02-01 00:00:00,9.680583e-10|2020-02-01 00:00:00,12,2020-02-01 00:00:00,1.53799385e-07,2020-02-01 00:00:00,1.06184472e-09|2020-02-01 00:00:00,3,2020-02-01 00:00:00,1.52788748e-07,2020-02-01 00:00:00,9.31193567e-10|2020-02-01 00:00:00,11,2020-02-01 00:00:00,1.48137954e-07,2020-02-01 00:00:00,1.40880652e-09|2020-02-01 00:00:00,22,2020-02-01 00:00:00,1.537836e-07,2020-02-01 00:00:00,1.22199961e-09|2020-02-01 00:00:00,3,2020-02-01 00:00:00,1.49635061e-07,2020-02-01 00:00:00,1.11296938e-09|2020-02-01 00:00:00,0,2020-02-01 00:00:00,1.49635061e-07,2020-02-01 00:00:00,1.11296938e-09|2020-02-01 00:00:00,10,2020-02-01 00:00:00,1.48137954e-07,2020-02-01 00:00:00,1.40880652e-09|2020-02-01 00:00:00,23,2020-02-01 00:00:00,1.49635061e-07,2020-02-01 00:00:00,1.11296938e-09|2020-02-01 00:00:00,24,2020-02-01 00:00:00,1.54495817e-07,2020-02-01 00:00:00,1.30438838e-09|2020-02-01 00:00:00,8,2020-02-01 00:00:00,1.53799385e-07,2020-02-01 00:00:00,1.06184472e-09
27,2020-03-01 00:00:00,3,2020-03-01 00:00:00,6.05e-08,2020-03-01 00:00:00,4.77944073e-10|2020-03-01 00:00:00,7,2020-03-01 00:00:00,6.57673814e-08,2020-03-01 00:00:00,5.13419141e-10|2020-03-01 00:00:00,13,2020-03-01 00:00:00,6.04906276e-08,2020-03-01 00:00:00,4.77944073e-10|2020-03-01 00:00:00,6,2020-03-01 00:00:00,6.33438989e-08,2020-03-01 00:00:00,3.5832376e-10|2020-03-01 00:00:00,16,2020-03-01 00:00:00,5.5086684e-08,2020-03-01 00:00:00,9.701e-10|2020-03-01 00:00:00,33,2020-03-01 00:00:00,5.91858056e-08,2020-03-01 00:00:00,4.44198983e-10|2020-03-01 00:00:00,2,2020-03-01 00:00:00,5.6197452e-08,2020-03-01 00:00:00,4.1424475e-10|2020-03-01 00:00:00,0,2020-03-01 00:00:00,5.6197452e-08,2020-03-01 00:00:00,4.1424475e-10|2020-03-01 00:00:00,5,2020-03-01 00:00:00,5.5086684e-08,2020-03-01 00:00:00,9.701e-10|2020-03-01 00:00:00,8,2020-03-01 00:00:00,5.6197452e-08,2020-03-01 00:00:00,4.1424475e-10|2020-03-01 00:00:00,26,2020-03-01 00:00:00,5.68415849e-08,2020-03-01 00:00:00,9.6899555e-10|2020-03-01 00:00:00,11,2020-03-01 00:00:00,6.04906276e-08,2020-03-01 00:00:00,4.77944073e-10
28,2020-04-01 00:00:00,3,2020-04-01 00:00:00,4.61e-08,2020-04-01 00:00:00,3.37474493e-10|2020-04-01 00:00:00,4,2020-04-01 00:00:00,5.04085434e-08,2020-04-01 00:00:00,3.43091361e-10|2020-04-01 00:00:00,7,2020-04-01 00:00:00,4.61113001e-08,2020-04-01 00:00:00,3.37474493e-10|2020-04-01 00:00:00,6,2020-04-01 00:00:00,4.67374186e-08,2020-04-01 00:00:00,2.62068811e-10|2020-04-01 00:00:00,4,2020-04-01 00:00:00,4.2954255e-08,2020-04-01 00:00:00,7.51063489e-10|2020-04-01 00:00:00,7,2020-04-01 00:00:00,4.39515771e-08,2020-04-01 00:00:00,3.70599273e-10|2020-04-01 00:00:00,3,2020-04-01 00:00:00,4.33414629e-08,2020-04-01 00:00:00,3.03247677e-10|2020-04-01 00:00:00,0,2020-04-01 00:00:00,4.33414629e-08,2020-04-01 00:00:00,3.03247677e-10|2020-04-01 00:00:00,4,2020-04-01 00:00:00,4.2954255e-08,2020-04-01 00:00:00,7.51063489e-10|2020-04-01 00:00:00,5,2020-04-01 00:00:00,4.33414629e-08,2020-04-01 00:00:00,3.03247677e-10|2020-04-01 00:00:00,20,2020-04-01 00:00:00,4.5832909e-08,2020-04-01 00:00:00,7.82409637e-10|2020-04-01 00:00:00,10,2020-04-01 00:00:00,4.61113001e-08,2020-04-01 00:00:00,3.37474493e-10
29,2020-05-01 00:00:00,3,2020-05-01 00:00:00,2.96e-08,2020-05-01 00:00:00,3.11948745e-10|2020-05-01 00:00:00,9,2020-05-01 00:00:00,3.40304797e-08,2020-05-01 00:00:00,3.22332244e-10|2020-05-01 00:00:00,2,2020-05-01 00:00:00,2.95724061e-08,2020-05-01 00:00:00,3.11948745e-10|2020-05-01 00:00:00,2,2020-05-01 00:00:00,2.94965079e-08,2020-05-01 00:00:00,2.62665084e-10|2020-05-01 00:00:00,9,2020-05-01 00:00:00,2.74852912e-08,2020-05-01 00:00:00,7.24657612e-10|2020-05-01 00:00:00,7,2020-05-01 00:00:00,2.65366486e-08,2020-05-01 00:00:00,3.69643732e-10|2020-05-01 00:00:00,1,2020-05-01 00:00:00,2.64212516e-08,2020-05-01 00:00:00,2.73550516e-10|2020-05-01 00:00:00,0,2020-05-01 00:00:00,2.64212516e-08,2020-05-01 00:00:00,2.73550516e-10|2020-05-01 00:00:00,4,2020-05-01 00:00:00,2.74852912e-08,2020-05-01 00:00:00,7.24657612e-10|2020-05-01 00:00:00,2,2020-05-01 00:00:00,2.64212516e-08,2020-05-01 00:00:00,2.73550516e-10|2020-05-01 00:00:00,18,2020-05-01 00:00:00,2.98083859e-08,2020-05-01 00:00:00,7.27829075e-10|2020-05-01 00:00:00,8,2020-05-01 00:00:00,2.95724061e-08,2020-05-01 00:00:00,3.11948745e-10
30,2020-06-01 00:00:00,4,2020-06-01 00:00:00,1.96e-08,2020-06-01 00:00:00,2.73586265e-10|2020-06-01 00:00:00,3,2020-06-01 00:00:00,2.27333389e-08,2020-06-01 00:00:00,2.63011724e-10|2020-06-01 00:00:00,3,2020-06-01 00:00:00,1.95654079e-08,2020-06-01 00:00:00,2.73586265e-10|2020-06-01 00:00:00,1,2020-06-01 00:00:00,1.93505652e-08,2020-06-01 00:00:00,2.16670501e-10|2020-06-01 00:00:00,1,2020-06-01 00:00:00,1.97849378e-08,2020-06-01 00:00:00,7.22893356e-10|2020-06-01 00:00:00,2,2020-06-01 00:00:00,1.79290026e-08,2020-06-01 00:00:00,3.29729022e-10|2020-06-01 00:00:00,5,2020-06-01 00:00:00,1.82484697e-08,2020-06-01 00:00:00,2.5872901e-10|2020-06-01 00:00:00,0,2020-06-01 00:00:00,1.82484697e-08,2020-06-01 00:00:00,2.5872901e-10|2020-06-01 00:00:00,1,2020-06-01 00:00:00,1.97849378e-08,2020-06-01 00:00:00,7.22893356e-10|2020-06-01 00:00:00,1,2020-06-01 00:00:00,1.82484697e-08,2020-06-01 00:00:00,2.5872901e-10|2020-06-01 00:00:00,32,2020-06-01 00:00:00,2.07590162e-08,2020-06-01 00:00:00,6.92639612e-10|2020-06-01 00:00:00,13,2020-06-01 00:00:00,1.95654079e-08,2020-06-01 00:00:00,2.73586265e-10
31,2020-07-01 00:00:00,1,2020-07-01 00:00:00,1.14e-08,2020-07-01 00:00:00,1.89966196e-10|2020-07-01 00:00:00,2,2020-07-01 00:00:00,1.28509877e-08,2020-07-01 00:00:00,1.8167802e-10|2020-07-01 00:00:00,2,2020-07-01 00:00:00,1.14444191e-08,2020-07-01 00:00:00,1.89966196e-10|2020-07-01 00:00:00,2,2020-07-01 00:00:00,1.10376836e-08,2020-07-01 00:00:00,1.49835588e-10|2020-07-01 00:00:00,2,2020-07-01 00:00:00,1.27796988e-08,2020-07-01 00:00:00,5.42607737e-10|2020-07-01 00:00:00,7,2020-07-01 00:00:00,1.08157304e-08,2020-07-01 00:00:00,2.07845172e-10|2020-07-01 00:00:00,0,2020-07-01 00:00:00,1.13191405e-08,2020-07-01 00:00:00,1.77319284e-10|2020-07-01 00:00:00,0,2020-07-01 00:00:00,1.13191405e-08,2020-07-01 00:00:00,1.77319284e-10|2020-07-01 00:00:00,3,2020-07-01 00:00:00,1.27796988e-08,2020-07-01 00:00:00,5.42607737e-10|2020-07-01 00:00:00,2,2020-07-01 00:00:00,1.13191405e-08,2020-07-01 00:00:00,1.77319284e-10|2020-07-01 00:00:00,17,2020-07-01 00:00:00,1.27344745e-08,2020-07-01 00:00:00,4.97102082e-10|2020-07-01 00:00:00,8,2020-07-01 00:00:00,1.14444191e-08,2020-07-01 00:00:00,1.89966196e-10
32,2020-08-01 00:00:00,8,2020-08-01 00:00:00,1.03e-08,2020-08-01 00:00:00,1.72578646e-10|2020-08-01 00:00:00,4,2020-08-01 00:00:00,1.14199112e-08,2020-08-01 00:00:00,1.81717252e-10|2020-08-01 00:00:00,5,2020-08-01 00:00:00,1.03360618e-08,2020-08-01 00:00:00,1.72578646e-10|2020-08-01 00:00:00,2,2020-08-01 00:00:00,1.03641432e-08,2020-08-01 00:00:00,1.44165055e-10|2020-08-01 00:00:00,2,2020-08-01 00:00:00,1.08205528e-08,2020-08-01 00:00:00,4.29853653e-10|2020-08-01 00:00:00,4,2020-08-01 00:00:00,1.01019343e-08,2020-08-01 00:00:00,1.82557747e-10|2020-08-01 00:00:00,1,2020-08-01 00:00:00,1.01301114e-08,2020-08-01 00:00:00,1.38231759e-10|2020-08-01 00:00:00,0,2020-08-01 00:00:00,1.01301114e-08,2020-08-01 00:00:00,1.38231759e-10|2020-08-01 00:00:00,3,2020-08-01 00:00:00,1.08205528e-08,2020-08-01 00:00:00,4.29853653e-10|2020-08-01 00:00:00,14,2020-08-01 00:00:00,1.01301114e-08,2020-08-01 00:00:00,1.38231759e-10|2020-08-01 00:00:00,17,2020-08-01 00:00:00,1.0622354e-08,2020-08-01 00:00:00,4.25547597e-10|2020-08-01 00:00:00,5,2020-08-01 00:00:00,1.03360618e-08,2020-08-01 00:00:00,1.72578646e-10
33,2020-09-01 00:00:00,1,2020-09-01 00:00:00,1.35e-08,2020-09-01 00:00:00,2.19884916e-10|2020-09-01 00:00:00,5,2020-09-01 00:00:00,1.56674883e-08,2020-09-01 00:00:00,2.25259533e-10|2020-09-01 00:00:00,8,2020-09-01 00:00:00,1.35499369e-08,2020-09-01 00:00:00,2.19884916e-10|2020-09-01 00:00:00,4,2020-09-01 00:00:00,1.30499789e-08,2020-09-01 00:00:00,2.01029374e-10|2020-09-01 00:00:00,8,2020-09-01 00:00:00,1.24297672e-08,2020-09-01 00:00:00,4.88883156e-10|2020-09-01 00:00:00,12,2020-09-01 00:00:00,1.18988083e-08,2020-09-01 00:00:00,2.70438449e-10|2020-09-01 00:00:00,6,2020-09-01 00:00:00,1.20020265e-08,2020-09-01 00:00:00,1.72622888e-10|2020-09-01 00:00:00,4,2020-09-01 00:00:00,1.20020265e-08,2020-09-01 00:00:00,1.72622888e-10|2020-09-01 00:00:00,2,2020-09-01 00:00:00,1.24297672e-08,2020-09-01 00:00:00,4.88883156e-10|2020-09-01 00:00:00,8,2020-09-01 00:00:00,1.20020265e-08,2020-09-01 00:00:00,1.72622888e-10|2020-09-01 00:00:00,16,2020-09-01 00:00:00,1.45356218e-08,2020-09-01 00:00:00,5.00606112e-10|2020-09-01 00:00:00,9,2020-09-01 00:00:00,1.35499369e-08,2020-09-01 00:00:00,2.19884916e-10
34,2020-10-01 00:00:00,0,2020-10-01 00:00:00,2.91e-08,2020-10-01 00:00:00,3.49907492e-10|2020-10-01 00:00:00,9,2020-10-01 00:00:00,3.25123006e-08,2020-10-01 00:00:00,4.10662004e-10|2020-10-01 00:00:00,7,2020-10-01 00:00:00,2.91190432e-08,2020-10-01 00:00:00,3.49907492e-10|2020-10-01 00:00:00,6,2020-10-01 00:00:00,2.8782211e-08,2020-10-01 00:00:00,3.55017987e-10|2020-10-01 00:00:00,10,2020-10-01 00:00:00,2.69864397e-08,2020-10-01 00:00:00,6.56884436e-10|2020-10-01 00:00:00,20,2020-10-01 00:00:00,2.67587545e-08,2020-10-01 00:00:00,4.28203306e-10|2020-10-01 00:00:00,4,2020-10-01 00:00:00,2.6477059e-08,2020-10-01 00:00:00,2.64782807e-10|2020-10-01 00:00:00,2,2020-10-01 00:00:00,2.6477059e-08,2020-10-01 00:00:00,2.64782807e-10|2020-10-01 00:00:00,9,2020-10-01 00:00:00,2.69864397e-08,2020-10-01 00:00:00,6.56884436e-10|2020-10-01 00:00:00,9,2020-10-01 00:00:00,2.6477059e-08,2020-10-01 00:00:00,2.64782807e-10|2020-10-01 00:00:00,16,2020-10-01 00:00:00,2.94651913e-08,2020-10-01 00:00:00,6.95626334e-10|2020-10-01 00:00:00,7,2020-10-01 00:00:00,2.91190432e-08,2020-10-01 00:00:00,3.49907492e-10
35,2020-11-01 00:00:00,28,2020-11-01 00:00:00,6.15e-08,2020-11-01 00:00:00,6.80130563e-10|2020-11-01 00:00:00,40,2020-11-01 00:00:00,6.79358313e-08,2020-11-01 00:00:00,6.59362676e-10|2020-11-01 00:00:00,7,2020-11-01 00:00:00,6.14840907e-08,2020-11-01 00:00:00,6.80130563e-10|2020-11-01 00:00:00,8,2020-11-01 00:00:00,5.92941875e-08,2020-11-01 00:00:00,6.56824095e-10|2020-11-01 00:00:00,32,2020-11-01 00:00:00,6.02686209e-08,2020-11-01 00:00:00,8.62714344e-10|2020-11-01 00:00:00,41,2020-11-01 00:00:00,5.80829773e-08,2020-11-01 00:00:00,7.02731762e-10|2020-11-01 00:00:00,3,2020-11-01 00:00:00,5.809249e-08,2020-11-01 00:00:00,5.73173176e-10|2020-11-01 00:00:00,1,2020-11-01 00:00:00,5.809249e-08,2020-11-01 00:00:00,5.73173176e-10|2020-11-01 00:00:00,3,2020-11-01 00:00:00,6.02686209e-08,2020-11-01 00:00:00,8.62714344e-10|2020-11-01 00:00:00,16,2020-11-01 00:00:00,5.809249e-08,2020-11-01 00:00:00,5.73173176e-10|2020-11-01 00:00:00,21,2020-11-01 00:00:00,6.51415814e-08,2020-11-01 00:00:00,8.74393724e-10|2020-11-01 00:00:00,10,2020-11-01 00:00:00,6.14840907e-08,2020-11-01 00:00:00,6.80130563e-10
36,2020-12-01 00:00:00,40,2020-12-01 00:00:00,6.58e-08,2020-12-01 00:00:00,6.67983113e-10|2020-12-01 00:00:00,47,2020-12-01 00:00:00,6.62579672e-08,2020-12-01 00:00:00,6.79626133e-10|2020-12-01 00:00:00,8,2020-12-01 00:00:00,6.58498946e-08,2020-12-01 00:00:00,6.67983113e-10|2020-12-01 00:00:00,7,2020-12-01 00:00:00,6.69945091e-08,2020-12-01 00:00:00,6.23288421e-10|2020-12-01 00:00:00,33,2020-12-01 00:00:00,6.30343032e-08,2020-12-01 00:00:00,1.02524123e-09|2020-12-01 00:00:00,37,2020-12-01 00:00:00,6.74826712e-08,2020-12-01 00:00:00,6.5161293e-10|2020-12-01 00:00:00,8,2020-12-01 00:00:00,6.50955657e-08,2020-12-01 00:00:00,5.92814464e-10|2020-12-01 00:00:00,0,2020-12-01 00:00:00,6.50955657e-08,2020-12-01 00:00:00,5.92814464e-10|2020-12-01 00:00:00,2,2020-12-01 00:00:00,6.30343032e-08,2020-12-01 00:00:00,1.02524123e-09|2020-12-01 00:00:00,17,2020-12-01 00:00:00,6.50955657e-08,2020-12-01 00:00:00,5.92814464e-10|2020-12-01 00:00:00,23,2020-12-01 00:00:00,6.42328425e-08,2020-12-01 00:00:00,9.84983983e-10|2020-12-01 00:00:00,12,2020-12-01 00:00:00,6.58498946e-08,2020-12-01 00:00:00,6.67983113e-10
37,2021-01-01 00:00:00,28,2021-01-01 00:00:00,9.18e-08,2021-01-01 00:00:00,8.15594314e-10|2021-01-01 00:00:00,28,2021-01-01 00:00:00,9.66729179e-08,2021-01-01 00:00:00,8.47481196e-10|2021-01-01 00:00:00,9,2021-01-01 00:00:00,9.1823012e-08,2021-01-01 00:00:00,8.15594314e-10|2021-01-01 00:00:00,9,2021-01-01 00:00:00,9.38942078e-08,2021-01-01 00:00:00,7.75661535e-10|2021-01-01 00:00:00,20,2021-01-01 00:00:00,8.65628215e-08,2021-01-01 00:00:00,1.0693153e-09|2021-01-01 00:00:00,24,2021-01-01 00:00:00,9.10063524e-08,2021-01-01 00:00:00,7.70187636e-10|2021-01-01 00:00:00,9,2021-01-01 00:00:00,8.65783981e-08,2021-01-01 00:00:00,7.12534809e-10|2021-01-01 00:00:00,1,2021-01-01 00:00:00,8.65783981e-08,2021-01-01 00:00:00,7.12534809e-10|2021-01-01 00:00:00,4,2021-01-01 00:00:00,8.65628215e-08,2021-01-01 00:00:00,1.0693153e-09|2021-01-01 00:00:00,14,2021-01-01 00:00:00,8.65783981e-08,2021-01-01 00:00:00,7.12534809e-10|2021-01-01 00:00:00,20,2021-01-01 00:00:00,9.24334967e-08,2021-01-01 00:00:00,1.08121645e-09|2021-01-01 00:00:00,10,2021-01-01 00:00:00,9.1823012e-08,2021-01-01 00:00:00,8.15594314e-10
38,2021-02-01 00:00:00,11,2021-02-01 00:00:00,1.43e-07,2021-02-01 00:00:00,6.43239406e-10|2021-02-01 00:00:00,21,2021-02-01 00:00:00,1.43533474e-07,2021-02-01 00:00:00,6.4126271e-10|2021-02-01 00:00:00,12,2021-02-01 00:00:00,1.42590271e-07,2021-02-01 00:00:00,6.43239406e-10|2021-02-01 00:00:00,12,2021-02-01 00:00:00,1.42711837e-07,2021-02-01 00:00:00,5.85310689e-10|2021-02-01 00:00:00,14,2021-02-01 00:00:00,1.4204247e-07,2021-02-01 00:00:00,1.08780507e-09|2021-02-01 00:00:00,14,2021-02-01 00:00:00,1.46081866e-07,2021-02-01 00:00:00,7.91454735e-10|2021-02-01 00:00:00,0,2021-02-01 00:00:00,1.44504278e-07,2021-02-01 00:00:00,6.7046374e-10|2021-02-01 00:00:00,0,2021-02-01 00:00:00,1.44504278e-07,2021-02-01 00:00:00,6.7046374e-10|2021-02-01 00:00:00,1,2021-02-01 00:00:00,1.4204247e-07,2021-02-01 00:00:00,1.08780507e-09|2021-02-01 00:00:00,0,2021-02-01 00:00:00,1.44504278e-07,2021-02-01 00:00:00,6.7046374e-10|2021-02-01 00:00:00,25,2021-02-01 00:00:00,1.41538745e-07,2021-02-01 00:00:00,1.03905506e-09|2021-02-01 00:00:00,10,2021-02-01 00:00:00,1.42590271e-07,2021-02-01 00:00:00,6.43239406e-10
39,2021-03-01 00:00:00,16,2021-03-01 00:00:00,8.68e-08,2021-03-01 00:00:00,4.71467143e-10|2021-03-01 00:00:00,19,2021-03-01 00:00:00,9.55963334e-08,2021-03-01 00:00:00,4.58553667e-10|2021-03-01 00:00:00,8,2021-03-01 00:00:00,8.68114439e-08,2021-03-01 00:00:00,4.71467143e-10|2021-03-01 00:00:00,8,2021-03-01 00:00:00,9.03533386e-08,2021-03-01 00:00:00,4.28447333e-10|2021-03-01 00:00:00,5,2021-03-01 00:00:00,8.28883999e-08,2021-03-01 00:00:00,1.01158049e-09|2021-03-01 00:00:00,11,2021-03-01 00:00:00,8.61301709e-08,2021-03-01 00:00:00,6.14506723e-10|2021-03-01 00:00:00,0,2021-03-01 00:00:00,8.20623368e-08,2021-03-01 00:00:00,4.89480512e-10|2021-03-01 00:00:00,0,2021-03-01 00:00:00,8.20623368e-08,2021-03-01 00:00:00,4.89480512e-10|2021-03-01 00:00:00,0,2021-03-01 00:00:00,8.28883999e-08,2021-03-01 00:00:00,1.01158049e-09|2021-03-01 00:00:00,1,2021-03-01 00:00:00,8.20623368e-08,2021-03-01 00:00:00,4.89480512e-10|2021-03-01 00:00:00,17,2021-03-01 00:00:00,8.71711295e-08,2021-03-01 00:00:00,9.89256121e-10|2021-03-01 00:00:00,6,2021-03-01 00:00:00,8.68114439e-08,2021-03-01 00:00:00,4.71467143e-10
40,2021-04-01 00:00:00,3,2021-04-01 00:00:00,5.14e-08,2021-04-01 00:00:00,4.0220044e-10|2021-04-01 00:00:00,3,2021-04-01 00:00:00,5.46693621e-08,2021-04-01 00:00:00,4.25667918e-10|2021-04-01 00:00:00,3,2021-04-01 00:00:00,5.13954466e-08,2021-04-01 00:00:00,4.0220044e-10|2021-04-01 00:00:00,3,2021-04-01 00:00:00,5.13340973e-08,2021-04-01 00:00:00,3.87055721e-10|2021-04-01 00:00:00,2,2021-04-01 00:00:00,5.1972617e-08,2021-04-01 00:00:00,8.07943934e-10|2021-04-01 00:00:00,25,2021-04-01 00:00:00,5.07148819e-08,2021-04-01 00:00:00,6.21671548e-10|2021-04-01 00:00:00,2,2021-04-01 00:00:00,5.06170358e-08,2021-04-01 00:00:00,3.79894394e-10|2021-04-01 00:00:00,1,2021-04-01 00:00:00,5.06170358e-08,2021-04-01 00:00:00,3.79894394e-10|2021-04-01 00:00:00,2,2021-04-01 00:00:00,5.1972617e-08,2021-04-01 00:00:00,8.07943934e-10|2021-04-01 00:00:00,5,2021-04-01 00:00:00,5.06170358e-08,2021-04-01 00:00:00,3.79894394e-10|2021-04-01 00:00:00,19,2021-04-01 00:00:00,5.28417864e-08,2021-04-01 00:00:00,8.8932145e-10|2021-04-01 00:00:00,10,2021-04-01 00:00:00,5.13954466e-08,2021-04-01 00:00:00,4.0220044e-10
41,2021-05-01 00:00:00,2,2021-05-01 00:00:00,2.42e-08,2021-05-01 00:00:00,3.42062906e-10|2021-05-01 00:00:00,2,2021-05-01 00:00:00,2.70633553e-08,2021-05-01 00:00:00,3.37842032e-10|2021-05-01 00:00:00,2,2021-05-01 00:00:00,2.42332272e-08,2021-05-01 00:00:00,3.42062906e-10|2021-05-01 00:00:00,2,2021-05-01 00:00:00,2.42015776e-08,2021-05-01 00:00:00,2.76062062e-10|2021-05-01 00:00:00,2,2021-05-01 00:00:00,2.42299942e-08,2021-05-01 00:00:00,7.70851438e-10|2021-05-01 00:00:00,3,2021-05-01 00:00:00,2.30990468e-08,2021-05-01 00:00:00,4.60945948e-10|2021-05-01 00:00:00,0,2021-05-01 00:00:00,2.32330915e-08,2021-05-01 00:00:00,3.09204717e-10|2021-05-01 00:00:00,0,2021-05-01 00:00:00,2.32330915e-08,2021-05-01 00:00:00,3.09204717e-10|2021-05-01 00:00:00,4,2021-05-01 00:00:00,2.42299942e-08,2021-05-01 00:00:00,7.70851438e-10|2021-05-01 00:00:00,10,2021-05-01 00:00:00,2.32330915e-08,2021-05-01 00:00:00,3.09204717e-10|2021-05-01 00:00:00,36,2021-05-01 00:00:00,2.54140756e-08,2021-05-01 00:00:00,8.29782021e-10|2021-05-01 00:00:00,15,2021-05-01 00:00:00,2.42332272e-08,2021-05-01 00:00:00,3.42062906e-10
42,2021-06-01 00:00:00,3,2021-06-01 00:00:00,2.19e-08,2021-06-01 00:00:00,4.19394408e-10|2021-06-01 00:00:00,5,2021-06-01 00:00:00,2.43761797e-08,2021-06-01 00:00:00,4.15162432e-10|2021-06-01 00:00:00,5,2021-06-01 00:00:00,2.19329146e-08,2021-06-01 00:00:00,4.19394408e-10|2021-06-01 00:00:00,5,2021-06-01 00:00:00,2.20697708e-08,2021-06-01 00:00:00,3.43097994e-10|2021-06-01 00:00:00,4,2021-06-01 00:00:00,2.12482209e-08,2021-06-01 00:00:00,8.63609517e-10|2021-06-01 00:00:00,4,2021-06-01 00:00:00,2.07227344e-08,2021-06-01 00:00:00,4.34734443e-10|2021-06-01 00:00:00,5,2021-06-01 00:00:00,2.08108025e-08,2021-06-01 00:00:00,3.72681414e-10|2021-06-01 00:00:00,0,2021-06-01 00:00:00,2.08108025e-08,2021-06-01 00:00:00,3.72681414e-10|2021-06-01 00:00:00,4,2021-06-01 00:00:00,2.12482209e-08,2021-06-01 00:00:00,8.63609517e-10|2021-06-01 00:00:00,2,2021-06-01 00:00:00,2.08108025e-08,2021-06-01 00:00:00,3.72681414e-10|2021-06-01 00:00:00,41,2021-06-01 00:00:00,2.2363815e-08,2021-06-01 00:00:00,8.85199969e-10|2021-06-01 00:00:00,19,2021-06-01 00:00:00,2.19329146e-08,2021-06-01 00:00:00,4.19394408e-10
43,2021-07-01 00:00:00,3,2021-07-01 00:00:00,1.74e-08,2021-07-01 00:00:00,2.55288957e-10|2021-07-01 00:00:00,2,2021-07-01 00:00:00,1.89987305e-08,2021-07-01 00:00:00,2.56279498e-10|2021-07-01 00:00:00,2,2021-07-01 00:00:00,1.74047989e-08,2021-07-01 00:00:00,2.55288957e-10|2021-07-01 00:00:00,2,2021-07-01 00:00:00,1.74562108e-08,2021-07-01 00:00:00,1.97920569e-10|2021-07-01 00:00:00,2,2021-07-01 00:00:00,1.72878218e-08,2021-07-01 00:00:00,6.30224317e-10|2021-07-01 00:00:00,0,2021-07-01 00:00:00,1.64282434e-08,2021-07-01 00:00:00,2.74403084e-10|2021-07-01 00:00:00,0,2021-07-01 00:00:00,1.65971788e-08,2021-07-01 00:00:00,2.20823165e-10|2021-07-01 00:00:00,0,2021-07-01 00:00:00,1.65971788e-08,2021-07-01 00:00:00,2.20823165e-10|2021-07-01 00:00:00,2,2021-07-01 00:00:00,1.72878218e-08,2021-07-01 00:00:00,6.30224317e-10|2021-07-01 00:00:00,0,2021-07-01 00:00:00,1.65971788e-08,2021-07-01 00:00:00,2.20823165e-10|2021-07-01 00:00:00,54,2021-07-01 00:00:00,1.77447241e-08,2021-07-01 00:00:00,6.41792897e-10|2021-07-01 00:00:00,20,2021-07-01 00:00:00,1.74047989e-08,2021-07-01 00:00:00,2.55288957e-10
44,2021-08-01 00:00:00,7,2021-08-01 00:00:00,1.16e-08,2021-08-01 00:00:00,2.49339299e-10|2021-08-01 00:00:00,1,2021-08-01 00:00:00,1.2902859e-08,2021-08-01 00:00:00,2.30897926e-10|2021-08-01 00:00:00,7,2021-08-01 00:00:00,1.1581712e-08,2021-08-01 00:00:00,2.49339299e-10|2021-08-01 00:00:00,7,2021-08-01 00:00:00,1.10469955e-08,2021-08-01 00:00:00,2.079584e-10|2021-08-01 00:00:00,2,2021-08-01 00:00:00,1.25495315e-08,2021-08-01 00:00:00,6.19406804e-10|2021-08-01 00:00:00,0,2021-08-01 00:00:00,1.06990561e-08,2021-08-01 00:00:00,2.94524405e-10|2021-08-01 00:00:00,0,2021-08-01 00:00:00,1.14063014e-08,2021-08-01 00:00:00,2.30352182e-10|2021-08-01 00:00:00,0,2021-08-01 00:00:00,1.14063014e-08,2021-08-01 00:00:00,2.30352182e-10|2021-08-01 00:00:00,1,2021-08-01 00:00:00,1.25495315e-08,2021-08-01 00:00:00,6.19406804e-10|2021-08-01 00:00:00,0,2021-08-01 00:00:00,1.14063014e-08,2021-08-01 00:00:00,2.30352182e-10|2021-08-01 00:00:00,34,2021-08-01 00:00:00,1.2636337e-08,2021-08-01 00:00:00,5.9553934e-10|2021-08-01 00:00:00,20,2021-08-01 00:00:00,1.1581712e-08,2021-08-01 00:00:00,2.49339299e-10
45,2021-09-01 00:00:00,6,2021-09-01 00:00:00,2.02e-08,2021-09-01 00:00:00,3.37394696e-10|2021-09-01 00:00:00,4,2021-09-01 00:00:00,2.3086958e-08,2021-09-01 00:00:00,3.3947789e-10|2021-09-01 00:00:00,5,2021-09-01 00:00:00,2.01708974e-08,2021-09-01 00:00:00,3.37394696e-10|2021-09-01 00:00:00,5,2021-09-01 00:00:00,2.00717503e-08,2021-09-01 00:00:00,2.94223423e-10|2021-09-01 00:00:00,16,2021-09-01 00:00:00,1.89757058e-08,2021-09-01 00:00:00,7.2039269e-10|2021-09-01 00:00:00,8,2021-09-01 00:00:00,1.78928478e-08,2021-09-01 00:00:00,3.64285158e-10|2021-09-01 00:00:00,2,2021-09-01 00:00:00,1.80816173e-08,2021-09-01 00:00:00,2.8575764e-10|2021-09-01 00:00:00,0,2021-09-01 00:00:00,1.80816173e-08,2021-09-01 00:00:00,2.8575764e-10|2021-09-01 00:00:00,0,2021-09-01 00:00:00,1.89757058e-08,2021-09-01 00:00:00,7.2039269e-10|2021-09-01 00:00:00,7,2021-09-01 00:00:00,1.80816173e-08,2021-09-01 00:00:00,2.8575764e-10|2021-09-01 00:00:00,36,2021-09-01 00:00:00,2.07492685e-08,2021-09-01 00:00:00,7.26239013e-10|2021-09-01 00:00:00,12,2021-09-01 00:00:00,2.01708974e-08,2021-09-01 00:00:00,3.37394696e-10
46,2021-10-01 00:00:00,13,2021-10-01 00:00:00,2.77e-08,2021-10-01 00:00:00,3.82336357e-10|2021-10-01 00:00:00,30,2021-10-01 00:00:00,3.14431705e-08,2021-10-01 00:00:00,3.87546661e-10|2021-10-01 00:00:00,4,2021-10-01 00:00:00,2.77164292e-08,2021-10-01 00:00:00,3.82336357e-10|2021-10-01 00:00:00,4,2021-10-01 00:00:00,2.75119785e-08,2021-10-01 00:00:00,3.20735744e-10|2021-10-01 00:00:00,14,2021-10-01 00:00:00,2.54646728e-08,2021-10-01 00:00:00,8.17023504e-10|2021-10-01 00:00:00,16,2021-10-01 00:00:00,2.44478667e-08,2021-10-01 00:00:00,3.93910932e-10|2021-10-01 00:00:00,5,2021-10-01 00:00:00,2.45120768e-08,2021-10-01 00:00:00,3.24971605e-10|2021-10-01 00:00:00,0,2021-10-01 00:00:00,2.45120768e-08,2021-10-01 00:00:00,3.24971605e-10|2021-10-01 00:00:00,2,2021-10-01 00:00:00,2.54646728e-08,2021-10-01 00:00:00,8.17023504e-10|2021-10-01 00:00:00,8,2021-10-01 00:00:00,2.45120768e-08,2021-10-01 00:00:00,3.24971605e-10|2021-10-01 00:00:00,39,2021-10-01 00:00:00,2.86619541e-08,2021-10-01 00:00:00,8.27430069e-10|2021-10-01 00:00:00,26,2021-10-01 00:00:00,2.77164292e-08,2021-10-01 00:00:00,3.82336357e-10
47,2021-11-01 00:00:00,31,2021-11-01 00:00:00,3.62e-08,2021-11-01 00:00:00,5.05521069e-10|2021-11-01 00:00:00,42,2021-11-01 00:00:00,4.17990293e-08,2021-11-01 00:00:00,5.90991922e-10|2021-11-01 00:00:00,5,2021-11-01 00:00:00,3.62017765e-08,2021-11-01 00:00:00,5.05521069e-10|2021-11-01 00:00:00,5,2021-11-01 00:00:00,3.73834729e-08,2021-11-01 00:00:00,4.92197061e-10|2021-11-01 00:00:00,25,2021-11-01 00:00:00,3.34401988e-08,2021-11-01 00:00:00,8.62205418e-10|2021-11-01 00:00:00,33,2021-11-01 00:00:00,3.30151823e-08,2021-11-01 00:00:00,4.38654779e-10|2021-11-01 00:00:00,7,2021-11-01 00:00:00,3.22171663e-08,2021-11-01 00:00:00,3.31651845e-10|2021-11-01 00:00:00,0,2021-11-01 00:00:00,3.22171663e-08,2021-11-01 00:00:00,3.31651845e-10|2021-11-01 00:00:00,17,2021-11-01 00:00:00,3.34401988e-08,2021-11-01 00:00:00,8.62205418e-10|2021-11-01 00:00:00,7,2021-11-01 00:00:00,3.22171663e-08,2021-11-01 00:00:00,3.31651845e-10|2021-11-01 00:00:00,38,2021-11-01 00:00:00,3.62206168e-08,2021-11-01 00:00:00,9.55161172e-10|2021-11-01 00:00:00,17,2021-11-01 00:00:00,3.62017765e-08,2021-11-01 00:00:00,5.05521069e-10
48,2021-12-01 00:00:00,32,2021-12-01 00:00:00,1.33e-07,2021-12-01 00:00:00,8.75068629e-10|2021-12-01 00:00:00,44,2021-12-01 00:00:00,1.44052957e-07,2021-12-01 00:00:00,8.48265458e-10|2021-12-01 00:00:00,14,2021-12-01 00:00:00,1.33005604e-07,2021-12-01 00:00:00,8.75068629e-10|2021-12-01 00:00:00,14,2021-12-01 00:00:00,1.32860039e-07,2021-12-01 00:00:00,8.0028828e-10|2021-12-01 00:00:00,31,2021-12-01 00:00:00,1.25316221e-07,2021-12-01 00:00:00,1.06358156e-09|2021-12-01 00:00:00,41,2021-12-01 00:00:00,1.2881053e-07,2021-12-01 00:00:00,8.25387203e-10|2021-12-01 00:00:00,2,2021-12-01 00:00:00,1.22918214e-07,2021-12-01 00:00:00,7.97140687e-10|2021-12-01 00:00:00,0,2021-12-01 00:00:00,1.22918214e-07,2021-12-01 00:00:00,7.97140687e-10|2021-12-01 00:00:00,6,2021-12-01 00:00:00,1.25316221e-07,2021-12-01 00:00:00,1.06358156e-09|2021-12-01 00:00:00,4,2021-12-01 00:00:00,1.22918214e-07,2021-12-01 00:00:00,7.97140687e-10|2021-12-01 00:00:00,37,2021-12-01 00:00:00,1.36301594e-07,2021-12-01 00:00:00,1.05692322e-09|2021-12-01 00:00:00,16,2021-12-01 00:00:00,1.33005604e-07,2021-12-01 00:00:00,8.75068629e-10
49,2022-01-01 00:00:00,21,2022-01-01 00:00:00,1.25e-07,2022-01-01 00:00:00,1.18373422e-09|2022-01-01 00:00:00,28,2022-01-01 00:00:00,1.2776805e-07,2022-01-01 00:00:00,1.06127829e-09|2022-01-01 00:00:00,13,2022-01-01 00:00:00,1.2546636e-07,2022-01-01 00:00:00,1.18373422e-09|2022-01-01 00:00:00,13,2022-01-01 00:00:00,1.2293317e-07,2022-01-01 00:00:00,1.10247322e-09|2022-01-01 00:00:00,18,2022-01-01 00:00:00,1.25502952e-07,2022-01-01 00:00:00,1.44514756e-09|2022-01-01 00:00:00,28,2022-01-01 00:00:00,1.25968896e-07,2022-01-01 00:00:00,1.31238409e-09|2022-01-01 00:00:00,8,2022-01-01 00:00:00,1.27431897e-07,2022-01-01 00:00:00,1.3139273e-09|2022-01-01 00:00:00,0,2022-01-01 00:00:00,1.27431897e-07,2022-01-01 00:00:00,1.3139273e-09|2022-01-01 00:00:00,2,2022-01-01 00:00:00,1.25502952e-07,2022-01-01 00:00:00,1.44514756e-09|2022-01-01 00:00:00,16,2022-01-01 00:00:00,1.27431897e-07,2022-01-01 00:00:00,1.3139273e-09|2022-01-01 00:00:00,35,2022-01-01 00:00:00,1.24416888e-07,2022-01-01 00:00:00,1.29315492e-09|2022-01-01 00:00:00,20,2022-01-01 00:00:00,1.2546636e-07,2022-01-01 00:00:00,1.18373422e-09
50,2022-02-01 00:00:00,14,2022-02-01 00:00:00,1.4e-07,2022-02-01 00:00:00,8.87591889e-10|2022-02-01 00:00:00,21,2022-02-01 00:00:00,1.4832239e-07,2022-02-01 00:00:00,9.01800301e-10|2022-02-01 00:00:00,8,2022-02-01 00:00:00,1.39900662e-07,2022-02-01 00:00:00,8.87591889e-10|2022-02-01 00:00:00,8,2022-02-01 00:00:00,1.43393865e-07,2022-02-01 00:00:00,7.5933182e-10|2022-02-01 00:00:00,10,2022-02-01 00:00:00,1.29016917e-07,2022-02-01 00:00:00,1.13936616e-09|2022-02-01 00:00:00,35,2022-02-01 00:00:00,1.38353359e-07,2022-02-01 00:00:00,7.66269381e-10|2022-02-01 00:00:00,5,2022-02-01 00:00:00,1.31640403e-07,2022-02-01 00:00:00,7.70943309e-10|2022-02-01 00:00:00,0,2022-02-01 00:00:00,1.31640403e-07,2022-02-01 00:00:00,7.70943309e-10|2022-02-01 00:00:00,2,2022-02-01 00:00:00,1.29016917e-07,2022-02-01 00:00:00,1.13936616e-09|2022-02-01 00:00:00,6,2022-02-01 00:00:00,1.31640403e-07,2022-02-01 00:00:00,7.70943309e-10|2022-02-01 00:00:00,28,2022-02-01 00:00:00,1.34912165e-07,2022-02-01 00:00:00,1.15328935e-09|2022-02-01 00:00:00,13,2022-02-01 00:00:00,1.39900662e-07,2022-02-01 00:00:00,8.87591889e-10
51,2022-03-01 00:00:00,6,2022-03-01 00:00:00,9.17e-08,2022-03-01 00:00:00,4.7466181e-10|2022-03-01 00:00:00,19,2022-03-01 00:00:00,1.01581926e-07,2022-03-01 00:00:00,4.71090555e-10|2022-03-01 00:00:00,8,2022-03-01 00:00:00,9.17235174e-08,2022-03-01 00:00:00,4.7466181e-10|2022-03-01 00:00:00,8,2022-03-01 00:00:00,9.6605217e-08,2022-03-01 00:00:00,3.55290464e-10|2022-03-01 00:00:00,10,2022-03-01 00:00:00,7.71033939e-08,2022-03-01 00:00:00,9.33695454e-10|2022-03-01 00:00:00,13,2022-03-01 00:00:00,8.5111173e-08,2022-03-01 00:00:00,4.50100485e-10|2022-03-01 00:00:00,4,2022-03-01 00:00:00,8.15776015e-08,2022-03-01 00:00:00,4.48364124e-10|2022-03-01 00:00:00,0,2022-03-01 00:00:00,8.15776015e-08,2022-03-01 00:00:00,4.48364124e-10|2022-03-01 00:00:00,8,2022-03-01 00:00:00,7.71033939e-08,2022-03-01 00:00:00,9.33695454e-10|2022-03-01 00:00:00,15,2022-03-01 00:00:00,8.15776015e-08,2022-03-01 00:00:00,4.48364124e-10|2022-03-01 00:00:00,21,2022-03-01 00:00:00,8.20943341e-08,2022-03-01 00:00:00,9.18359611e-10|2022-03-01 00:00:00,12,2022-03-01 00:00:00,9.17235174e-08,2022-03-01 00:00:00,4.7466181e-10
52,2022-04-01 00:00:00,2,2022-04-01 00:00:00,4.12e-08,2022-04-01 00:00:00,3.91280508e-10|2022-04-01 00:00:00,3,2022-04-01 00:00:00,4.43981184e-08,2022-04-01 00:00:00,3.85659227e-10|2022-04-01 00:00:00,6,2022-04-01 00:00:00,4.124652e-08,2022-04-01 00:00:00,3.91280508e-10|2022-04-01 00:00:00,6,2022-04-01 00:00:00,4.09320099e-08,2022-04-01 00:00:00,3.41938727e-10|2022-04-01 00:00:00,2,2022-04-01 00:00:00,4.10496467e-08,2022-04-01 00:00:00,8.26154256e-10|2022-04-01 00:00:00,7,2022-04-01 00:00:00,3.84626663e-08,2022-04-01 00:00:00,4.93678931e-10|2022-04-01 00:00:00,6,2022-04-01 00:00:00,3.95757979e-08,2022-04-01 00:00:00,3.61385533e-10|2022-04-01 00:00:00,2,2022-04-01 00:00:00,3.95757979e-08,2022-04-01 00:00:00,3.61385533e-10|2022-04-01 00:00:00,5,2022-04-01 00:00:00,4.10496467e-08,2022-04-01 00:00:00,8.26154256e-10|2022-04-01 00:00:00,16,2022-04-01 00:00:00,3.95757979e-08,2022-04-01 00:00:00,3.61385533e-10|2022-04-01 00:00:00,22,2022-04-01 00:00:00,4.23711516e-08,2022-04-01 00:00:00,8.44928238e-10|2022-04-01 00:00:00,12,2022-04-01 00:00:00,4.124652e-08,2022-04-01 00:00:00,3.91280508e-10
53,2022-05-01 00:00:00,2,2022-05-01 00:00:00,3.55e-08,2022-05-01 00:00:00,3.43653273e-10|2022-05-01 00:00:00,2,2022-05-01 00:00:00,3.94236796e-08,2022-05-01 00:00:00,3.6597031e-10|2022-05-01 00:00:00,3,2022-05-01 00:00:00,3.55459402e-08,2022-05-01 00:00:00,3.43653273e-10|2022-05-01 00:00:00,3,2022-05-01 00:00:00,3.6054728e-08,2022-05-01 00:00:00,2.89807539e-10|2022-05-01 00:00:00,2,2022-05-01 00:00:00,3.37044682e-08,2022-05-01 00:00:00,7.30740357e-10|2022-05-01 00:00:00,0,2022-05-01 00:00:00,3.36662061e-08,2022-05-01 00:00:00,4.22291146e-10|2022-05-01 00:00:00,6,2022-05-01 00:00:00,3.3634217e-08,2022-05-01 00:00:00,3.06701609e-10|2022-05-01 00:00:00,0,2022-05-01 00:00:00,3.3634217e-08,2022-05-01 00:00:00,3.06701609e-10|2022-05-01 00:00:00,3,2022-05-01 00:00:00,3.37044682e-08,2022-05-01 00:00:00,7.30740357e-10|2022-05-01 00:00:00,16,2022-05-01 00:00:00,3.3634217e-08,2022-05-01 00:00:00,3.06701609e-10|2022-05-01 00:00:00,30,2022-05-01 00:00:00,3.52302854e-08,2022-05-01 00:00:00,7.79598608e-10|2022-05-01 00:00:00,11,2022-05-01 00:00:00,3.55459402e-08,2022-05-01 00:00:00,3.43653273e-10
54,2022-06-01 00:00:00,2,2022-06-01 00:00:00,2.27e-08,2022-06-01 00:00:00,3.55213498e-10|2022-06-01 00:00:00,5,2022-06-01 00:00:00,2.48360838e-08,2022-06-01 00:00:00,3.40544315e-10|2022-06-01 00:00:00,2,2022-06-01 00:00:00,2.26663461e-08,2022-06-01 00:00:00,3.55213498e-10|2022-06-01 00:00:00,2,2022-06-01 00:00:00,2.21797996e-08,2022-06-01 00:00:00,2.88228386e-10|2022-06-01 00:00:00,2,2022-06-01 00:00:00,2.33278818e-08,2022-06-01 00:00:00,8.63849381e-10|2022-06-01 00:00:00,1,2022-06-01 00:00:00,2.11723525e-08,2022-06-01 00:00:00,4.12485046e-10|2022-06-01 00:00:00,6,2022-06-01 00:00:00,2.17913276e-08,2022-06-01 00:00:00,3.37042921e-10|2022-06-01 00:00:00,2,2022-06-01 00:00:00,2.17913276e-08,2022-06-01 00:00:00,3.37042921e-10|2022-06-01 00:00:00,15,2022-06-01 00:00:00,2.33278818e-08,2022-06-01 00:00:00,8.63849381e-10|2022-06-01 00:00:00,17,2022-06-01 00:00:00,2.17913276e-08,2022-06-01 00:00:00,3.37042921e-10|2022-06-01 00:00:00,46,2022-06-01 00:00:00,2.40096707e-08,2022-06-01 00:00:00,8.35184089e-10|2022-06-01 00:00:00,24,2022-06-01 00:00:00,2.26663461e-08,2022-06-01 00:00:00,3.55213498e-10
55,2022-07-01 00:00:00,4,2022-07-01 00:00:00,1.62e-08,2022-07-01 00:00:00,2.47435017e-10|2022-07-01 00:00:00,2,2022-07-01 00:00:00,1.82806096e-08,2022-07-01 00:00:00,2.32337469e-10|2022-07-01 00:00:00,1,2022-07-01 00:00:00,1.61696755e-08,2022-07-01 00:00:00,2.47435017e-10|2022-07-01 00:00:00,1,2022-07-01 00:00:00,1.6192922e-08,2022-07-01 00:00:00,1.95268191e-10|2022-07-01 00:00:00,2,2022-07-01 00:00:00,1.6734959e-08,2022-07-01 00:00:00,6.13754492e-10|2022-07-01 00:00:00,4,2022-07-01 00:00:00,1.53233379e-08,2022-07-01 00:00:00,2.47546844e-10|2022-07-01 00:00:00,7,2022-07-01 00:00:00,1.56524328e-08,2022-07-01 00:00:00,2.28419408e-10|2022-07-01 00:00:00,0,2022-07-01 00:00:00,1.56524328e-08,2022-07-01 00:00:00,2.28419408e-10|2022-07-01 00:00:00,2,2022-07-01 00:00:00,1.6734959e-08,2022-07-01 00:00:00,6.13754492e-10|2022-07-01 00:00:00,8,2022-07-01 00:00:00,1.56524328e-08,2022-07-01 00:00:00,2.28419408e-10|2022-07-01 00:00:00,33,2022-07-01 00:00:00,1.69336408e-08,2022-07-01 00:00:00,5.90914095e-10|2022-07-01 00:00:00,21,2022-07-01 00:00:00,1.61696755e-08,2022-07-01 00:00:00,2.47435017e-10
56,2022-08-01 00:00:00,1,2022-08-01 00:00:00,1.12e-08,2022-08-01 00:00:00,1.76665904e-10|2022-08-01 00:00:00,1,2022-08-01 00:00:00,1.22997247e-08,2022-08-01 00:00:00,1.83014479e-10|2022-08-01 00:00:00,3,2022-08-01 00:00:00,1.11704482e-08,2022-08-01 00:00:00,1.76665904e-10|2022-08-01 00:00:00,3,2022-08-01 00:00:00,1.1045045e-08,2022-08-01 00:00:00,1.69119233e-10|2022-08-01 00:00:00,2,2022-08-01 00:00:00,1.22115297e-08,2022-08-01 00:00:00,4.36888165e-10|2022-08-01 00:00:00,4,2022-08-01 00:00:00,1.08207404e-08,2022-08-01 00:00:00,2.22069668e-10|2022-08-01 00:00:00,4,2022-08-01 00:00:00,1.10602273e-08,2022-08-01 00:00:00,1.45948517e-10|2022-08-01 00:00:00,0,2022-08-01 00:00:00,1.10602273e-08,2022-08-01 00:00:00,1.45948517e-10|2022-08-01 00:00:00,0,2022-08-01 00:00:00,1.22115297e-08,2022-08-01 00:00:00,4.36888165e-10|2022-08-01 00:00:00,2,2022-08-01 00:00:00,1.10602273e-08,2022-08-01 00:00:00,1.45948517e-10|2022-08-01 00:00:00,34,2022-08-01 00:00:00,1.19847181e-08,2022-08-01 00:00:00,4.26395697e-10|2022-08-01 00:00:00,17,2022-08-01 00:00:00,1.11704482e-08,2022-08-01 00:00:00,1.76665904e-10
57,2022-09-01 00:00:00,0,2022-09-01 00:00:00,1.2e-08,2022-09-01 00:00:00,2.34148423e-10|2022-09-01 00:00:00,4,2022-09-01 00:00:00,1.42718524e-08,2022-09-01 00:00:00,2.3325572e-10|2022-09-01 00:00:00,8,2022-09-01 00:00:00,1.20067165e-08,2022-09-01 00:00:00,2.34148423e-10|2022-09-01 00:00:00,8,2022-09-01 00:00:00,1.14700185e-08,2022-09-01 00:00:00,1.9509637e-10|2022-09-01 00:00:00,3,2022-09-01 00:00:00,1.21732353e-08,2022-09-01 00:00:00,5.50997137e-10|2022-09-01 00:00:00,4,2022-09-01 00:00:00,1.07205812e-08,2022-09-01 00:00:00,2.56378502e-10|2022-09-01 00:00:00,4,2022-09-01 00:00:00,1.13030715e-08,2022-09-01 00:00:00,2.00808814e-10|2022-09-01 00:00:00,0,2022-09-01 00:00:00,1.13030715e-08,2022-09-01 00:00:00,2.00808814e-10|2022-09-01 00:00:00,8,2022-09-01 00:00:00,1.21732353e-08,2022-09-01 00:00:00,5.50997137e-10|2022-09-01 00:00:00,9,2022-09-01 00:00:00,1.13030715e-08,2022-09-01 00:00:00,2.00808814e-10|2022-09-01 00:00:00,37,2022-09-01 00:00:00,1.28974026e-08,2022-09-01 00:00:00,5.48181445e-10|2022-09-01 00:00:00,16,2022-09-01 00:00:00,1.20067165e-08,2022-09-01 00:00:00,2.34148423e-10
58,2022-10-01 00:00:00,1,2022-10-01 00:00:00,4.12e-08,2022-10-01 00:00:00,4.91332419e-10|2022-10-01 00:00:00,30,2022-10-01 00:00:00,4.54063023e-08,2022-10-01 00:00:00,4.69057848e-10|2022-10-01 00:00:00,10,2022-10-01 00:00:00,4.1174591e-08,2022-10-01 00:00:00,4.91332419e-10|2022-10-01 00:00:00,10,2022-10-01 00:00:00,3.94551496e-08,2022-10-01 00:00:00,4.37100828e-10|2022-10-01 00:00:00,17,2022-10-01 00:00:00,3.77898135e-08,2022-10-01 00:00:00,8.33945801e-10|2022-10-01 00:00:00,17,2022-10-01 00:00:00,3.76881693e-08,2022-10-01 00:00:00,4.82374918e-10|2022-10-01 00:00:00,1,2022-10-01 00:00:00,3.73129338e-08,2022-10-01 00:00:00,4.17402779e-10|2022-10-01 00:00:00,0,2022-10-01 00:00:00,3.73129338e-08,2022-10-01 00:00:00,4.17402779e-10|2022-10-01 00:00:00,1,2022-10-01 00:00:00,3.77898135e-08,2022-10-01 00:00:00,8.33945801e-10|2022-10-01 00:00:00,1,2022-10-01 00:00:00,3.73129338e-08,2022-10-01 00:00:00,4.17402779e-10|2022-10-01 00:00:00,56,2022-10-01 00:00:00,4.25391344e-08,2022-10-01 00:00:00,8.23075663e-10|2022-10-01 00:00:00,24,2022-10-01 00:00:00,4.1174591e-08,2022-10-01 00:00:00,4.91332419e-10
59,2022-11-01 00:00:00,32,2022-11-01 00:00:00,5.37e-08,2022-11-01 00:00:00,7.41867012e-10|2022-11-01 00:00:00,42,2022-11-01 00:00:00,5.64088867e-08,2022-11-01 00:00:00,7.38735684e-10|2022-11-01 00:00:00,15,2022-11-01 00:00:00,5.37434448e-08,2022-11-01 00:00:00,7.41867012e-10|2022-11-01 00:00:00,15,2022-11-01 00:00:00,5.4909469e-08,2022-11-01 00:00:00,6.69470701e-10|2022-11-01 00:00:00,17,2022-11-01 00:00:00,5.15815787e-08,2022-11-01 00:00:00,1.12662002e-09|2022-11-01 00:00:00,28,2022-11-01 00:00:00,5.44403852e-08,2022-11-01 00:00:00,6.40869635e-10|2022-11-01 00:00:00,5,2022-11-01 00:00:00,5.18658251e-08,2022-11-01 00:00:00,6.4301775e-10|2022-11-01 00:00:00,1,2022-11-01 00:00:00,5.18658251e-08,2022-11-01 00:00:00,6.4301775e-10|2022-11-01 00:00:00,1,2022-11-01 00:00:00,5.15815787e-08,2022-11-01 00:00:00,1.12662002e-09|2022-11-01 00:00:00,19,2022-11-01 00:00:00,5.18658251e-08,2022-11-01 00:00:00,6.4301775e-10|2022-11-01 00:00:00,38,2022-11-01 00:00:00,5.37620414e-08,2022-11-01 00:00:00,1.06811471e-09|2022-11-01 00:00:00,21,2022-11-01 00:00:00,5.37434448e-08,2022-11-01 00:00:00,7.41867012e-10
60,2022-12-01 00:00:00,31,2022-12-01 00:00:00,7.46e-08,2022-12-01 00:00:00,9.15654164e-10|2022-12-01 00:00:00,44,2022-12-01 00:00:00,7.83633276e-08,2022-12-01 00:00:00,8.61447469e-10|2022-12-01 00:00:00,17,2022-12-01 00:00:00,7.45865752e-08,2022-12-01 00:00:00,9.15654164e-10|2022-12-01 00:00:00,17,2022-12-01 00:00:00,7.32569918e-08,2022-12-01 00:00:00,8.36454794e-10|2022-12-01 00:00:00,18,2022-12-01 00:00:00,7.75034109e-08,2022-12-01 00:00:00,1.28086763e-09|2022-12-01 00:00:00,28,2022-12-01 00:00:00,7.56481874e-08,2022-12-01 00:00:00,9.26565658e-10|2022-12-01 00:00:00,0,2022-12-01 00:00:00,7.61892568e-08,2022-12-01 00:00:00,9.25575339e-10|2022-12-01 00:00:00,1,2022-12-01 00:00:00,7.61892568e-08,2022-12-01 00:00:00,9.25575339e-10|2022-12-01 00:00:00,9,2022-12-01 00:00:00,7.75034109e-08,2022-12-01 00:00:00,1.28086763e-09|2022-12-01 00:00:00,23,2022-12-01 00:00:00,7.61892568e-08,2022-12-01 00:00:00,9.25575339e-10|2022-12-01 00:00:00,43,2022-12-01 00:00:00,7.69216285e-08,2022-12-01 00:00:00,1.15512766e-09|2022-12-01 00:00:00,24,2022-12-01 00:00:00,7.45865752e-08,2022-12-01 00:00:00,9.15654164e-10
61|||||||||||||||||||||||||||||,
62|||||||||||||||||||||||||||||,
63|||||||||||||||||||||||||||||,
64|||||||||||||||||||||||||||||,
65|||||||||||||||||||||||||||||,
66|||||||||||||||||||||||||||||,
67|||||||||||||||||||||||||||||,
68|||||||||||||||||||||||||||||,
69|||||||||||||||||||||||||||||,
70|||||||||||||||||||||||||||||,
71|||||||||||||||||||||||||||||,
72|||||||||||||||||||||||||||||,
73|||||||||||||||||||||||||||||,
74|||||||||||||||||||||||||||||,
75|||||||||||||||||||||||||||||,
76|||||||||||||||||||||||||||||,
77|||||||||||||||||||||||||||||,
78|||||||||||||||||||||||||||||,
79|||||||||||||||||||||||||||||,
80|||||||||||||||||||||||||||||,
81|||||||||||||||||||||||||||||,
82|||||||||||||||||||||||||||||,
83|||||||||||||||||||||||||||||,
84|||||||||||||||||||||||||||||,
85|||||||||||||||||||||||||||||,
86|||||||||||||||||||||||||||||,
87|||||||||||||||||||||||||||||,
88|||||||||||||||||||||||||||||,
89|||||||||||||||||||||||||||||,
90|||||||||||||||||||||||||||||,
91||||DEMOGRAPHIC PROFILE GENDER 2018-2022 IN AKURE NORTH |||||||||||||||||||||||||,
92||||S/N,MONTH,M 2018,2019.0,2020,2021,2022,TOTAL|F 2018,2019.0,2020,2021,2022,TOTAL|DEMOGRAPHIC PROFILE OF ASTHMATIC BY AGE IN  2018-22|||"AVERAGE TOTAL SURFACE MASS CONCENTRATION OF PM2.5 (kgm-3) IN IJU, AKURE NORTH LGA, ONDO STATE(7.23'4'N,5.15'3')"|||||||||||||||||
93||||||||||S/N,AGE RANGE,2018,2019,2020,2021,2022,TOTAL|TIME,J,F,M,A,M,J,J,A,S,O,N,D|||||||||||||
94||||1,JAN,3|1|4|4,2.0|,6|1,1-20 YRS,11,0,1,2,2,16|2018,1.5795572e-07,8.01838552e-08,4.79184784e-08,5.26643829e-08,2.58259401e-08,1.89477434e-08,1.34416454e-08,9.22291003e-09,1.31425144e-08,2.32145893e-08,4.21994032e-08,1.30419748e-07|||||||||||||
95||||2,FEB|||,1|1|2,21-40 YRS,0,0,1|1,2|2019,8.64288359e-08,1.00151219e-07,5.55220341e-08,4.01977315e-08,2.47205198e-08,1.55974991e-08,1.27469385e-08,9.16365668e-09,1.64477285e-08,1.70632501e-08,3.55451525e-08,6.82761899e-08|||||||||||||
96||||3,MARCH||2,2|2||2|3,41-60 YRS,6,10,2|0,18|2020,1.6993707799999999e-07,1.49635061e-07,5.6197452e-08,4.33414629e-08,2.64212516e-08,1.82484697e-08,1.13191405e-08,1.01301114e-08,1.20020265e-08,2.6477059e-08,5.809249e-08,6.50955657e-08|||||||||||||
97||||4,APRIL|,1|1|1||1|4,61-80 YRS,10,11,4|2,27|2021,8.65783981e-08,1.44504278e-07,8.20623368e-08,5.06170358e-08,2.32330915e-08,2.08108025e-08,1.65971788e-08,1.14063014e-08,1.80816173e-08,2.45120768e-08,3.22171663e-08,1.22918214e-07|||||||||||||
98||||5,MAY||2,2|1.0|,1|5,81-100 YRS,0,0,0|1,1|2022,1.27431897e-07,1.31640403e-07,8.15776015e-08,3.95757979e-08,3.3634217e-08,2.17913276e-08,1.56524328e-08,1.10602273e-08,1.13030715e-08,3.73129338e-08,5.18658251e-08,7.61892568e-08|||||||||||||
99||||6,JUNE,2||2|2||2|||||||||||||||||||||
100||||7,JULY,2,1.0|,3|2||2|TOTAL|27,21,8,2,6,64|||||||||||||||||,
101||||8,AUG|2.0|,2|3,4.0|,7|||||||||||||||||||||
102||||9,SEPT|1.0|,1|1,1.0|,2|||||||||||||||||||||
103||||10,OCT|3|3|1.0,1|2|||||||||||||||||||||
104||||11,NOV,4,1.0,1|6|1,7.0,1|1,10|||||||||||||||||||||
105||||12,DEC|1|1||1,1|||||||||||||||||||||
106||||TOTAL|11,5.0,5,2,4,27|16,16.0,3|2,37|||||||||||||||||||||
107|||||||||||||||||||||||||||||,
108|||||||||||||||||||||||||||||,
109|||||||||||||||||||||||||||||,
110|||||||||||||||||||||||||||||,
111|||||||||||||||||||||||||||||,
112||||DEMOGRAPHIC PROFILE GENDER BY GENDER  FROM 2018-2022 IN IDANRE|||||||||||||||||||||||||,
113||||S/N,MONTH,M 2018,2019.0,2020,2021,2022,TOTAL|F 2018,2019.0,2020,2021,2022,TOTAL|DEMOGRAPHIC PROFILE OF ASTHMATIC BY AGE IN  2018-22||||||||||||||||||||
114||||||||||S/N,AGE RANGE,2018,2019,2020,2021,2022,TOTAL|||||||||||||||||,
115||||1,JAN,1,3.0,3,3,5,15|1,3.0,3,6,3,16|1,1-20 YRS,3,19,11,8,23,64|||||||||||||||||,
116||||2,FEB|2.0,2|2,6|3,1.0,1|3,8|2,21-40 YRS,9,21,21,18,24,93|||||||||||||||||,
117||||3,MARCH|3.0,1|1,5|3,4.0,1|3,11|3,41-60 YRS,5,21,6,5,6,43|||||||||||||||||,
118||||4,APRIL|1.0,1,2,5,9|1,5.0,2|1,9|4,61-80 YRS,4,15,4,1,3,27|||||||||||||||||,
119||||5,MAY|2.0|2,4|3.0,1|4,8|5,81-100 YRS|||||||||||||||||||,
120||||6,JUNE,1|4,3,2,10|6.0,1,2,4,13|||||||||||||||||||||
121||||7,JULY|2.0|3,5|4.0|4,8|TOTAL|21,76,42,32,56,227|||||||||||||||||,
122||||8,AUG||2,2|5.0,1|2,8|||||||||||||||||||||
123||||9,SEPT,2,3.0,5|1,11|5.0,1,2,3,11|||||||||||||||||||||
124||||10,OCT,1,7.0,2,3|13|1,4.0,2,2,1,10|||||||||||||||||||||
125||||11,NOV,1,5.0,1,3,2,12|1,6.0,2,4,3,16|||||||||||||||||||||
126||||12,DEC,3,1.0,3,1|8|2,1.0,5,1|9|||||||||||||||||||||
127||||TOTAL|9,29.0,22,15,25,100|12,47.0,20,17,31,127|||||||||||||||||||||
128|||||||||||||||||||||||||||||,
129|||||||||||||||||||||||||||||,
130|||||||||||||||||||||||||||||,
131|||||||||||||||||||||||||||||,
132||||DEMOGRAPHIC PROFILE BY GENDER FROM 2018-2022 IN ILE OLUJI|||||||||||||||||||||||||,
133||||S/N,MONTH,M 2018,2019.0,2020,2021,2022,TOTAL|F 2018,2019.0,2020,2021,2022,TOTAL|DEMOGRAPHIC PROFILE OF ASTHMATIC BY AGE IN 2018-2022||||||||||||||||||||
134||||||||||S/N,AGE RANGE,2018,2019,2020,2021,2022,TOTAL|||||||||||||||||,
135||||1,JAN,0,1.0,5,2,0,8|0,4.0,5,2,2,13|1,1-20 YRS,10,6,1,7,4,28|||||||||||||||||,
136||||2,FEB,1,1.0,5,1,0,8|3,1.0,5,0,2,11|2,21-40 YRS,7,1,8,18,14,48|||||||||||||||||,
137||||3,MARCH,2,1.0,1,0,2,6|1,1.0,4,0,6,12|3,41-60 YRS,20,5,27,17,23,92|||||||||||||||||,
138||||4,APRIL,1,0.0,2,1,2,6|2,0.0,2,1,3,8|4,61-80 YRS,2,15,20,1,15,53|||||||||||||||||,
139||||5,MAY,2,0.0,2,2,1,7|0,1.0,2,2,2,7|5,81-100 YRS|4|,4|||||||||||||||||,
140||||6,JUNE,1,2.0,0,3,7,13|1,5.0,1,1,8,16|TOTAL|39,31,56,43,56,225|||||||||||||||||,
141||||7,JULY,3,3.0,1,1,1,9|1,0.0,2,1,1,5|||||||||||||||||||||
142||||8,AUG,2,1.0,1,0,0,4|1,1.0,2,1,0,5|||||||||||||||||||||
143||||9,SEPT,3,2.0,1,0,8,14|2,0.0,1,0,0,3|||||||||||||||||||||
144||||10,OCT,2,2.0,5,1,1,11|3,0.0,4,1,0,8|||||||||||||||||||||
145||||11,NOV,2,2.0,1,9,0,14|1,2.0,2,8,1,14|||||||||||||||||||||
146||||12,DEC,4,1.0,0,2,4,11|1,0.0,2,4,5,12|||||||||||||||||||||
147||||TOTAL|23,16.0,24,22,26,111|16,15.0,32,21,30,114|||||||||||||||||||||
148|||||||||||||||||||||||||||||,
149|||||||||||||||||||||||||||||,
150|||||||||||||||||||||||||||||,
151|||||||||||||||||||||||||||||,
152||||DEMOGRAPHIC PROFILE BY GENDER FROM 2018-2022 IN ORE|||||||||||||||||||||||||,
153||||S/N,MONTH,M 2018,2019.0,2020,2021,2022,TOTAL|F 2018,2019.0,2020,2021,2022,TOTAL|DEMOGRAPHIC PROFILE OF ASTHMATIC BY AGE IN 2018-2022||||||||||||||||||||
154||||||||||S/N,AGE RANGE,2018,2019,2020,2021,2022,TOTAL|||||||||||||||||,
155||||1,JAN,8|1,10,7,26|5|7,4,9,25|||||||||||||||||||||
156||||2,FEB,1|14|1,16|7|9|5,21|1,1-20 YRS,48|27,20,35,130|||||||||||||||||,
157||||3,MARCH,7|1|10,18|12|7,1,5,25|2,21-40 YRS,48|27,20,35,130|||||||||||||||||,
158||||4,APRIL,7|1,10,18|4|5,4,6,19|3,41-60 YRS,56|41,20,63,180|||||||||||||||||,
159||||5,MAY,4|1,2,7,14|2|1,8,9,20|4,61-80 YRS,33|29,6,35,103|||||||||||||||||,
160||||6,JUNE,7|2,8,17|7|1|9,17|5,81-100 YRS,11|16,12,15||||||||||||||||||
161||||7,JULY,9|1|2,12|4|1|6,11|TOTAL|185|124,78,183,570|||||||||||||||||,
162||||8,AUG,3|4|0,7|9|10|2,21|||||||||||||||||||||
163||||9,SEPT,8|1,4,3,16|5|7,3,6,21|||||||||||||||||||||
164||||10,OCT,2|4,4,0,10|2|5,4,1,12|||||||||||||||||||||
165||||11,NOV,11|7,2,12,32|11|9,5,7,32|||||||||||||||||||||
166||||12,DEC,8|7,1,15,31|5|10,3,8,26|||||||||||||||||||||
167||||TOTAL|75|41,26,75,217|73|72,32,73,250|||||||||||||||||||||
168|||||||||||||||||||||||||||||,
169|||||||||||||||||||||||||||||,
170|||||||||||||||||||||||||||||,
171||||DEMOGRAPHIC PROFILE BY GENDER FROM 2018-2022 IN OAUTHC||||||DEMOGRAPHIC PROFILE OF ASTHMATIC BY AGE IN 2018-2022||||||||||||||||||||
172||||S/N,MONTH,M 2018,2019.0,2020,2021,2022,TOTAL|F 2018,2019.0,2020,2021,2022,TOTAL|S/N,AGE RANGE,2018,2019,2020,2021,2022,TOTAL|||||||||||||||||,
173|||||||||||||||||||||||||||||,
174||||1,JAN,19,11.0,3,7,14,54|28,34.0,24,13,21,120|1,1-20 YRS,276,226,90,141,162,895|||||||||||||||||,
175||||2,FEB,15,19.0,5,10,11,60|20,46.0,19,15,17,117|2,21-40 YRS,173,178,80,168,173,772|||||||||||||||||,
176||||3,MARCH,15,18.0,11,8,9,61|18,24.0,15,9,12,78|3,41-60 YRS,85,89,65,69,66,374|||||||||||||||||,
177||||4,APRIL,10,19.0,9,9,7,54|17,24.0,11,10,15,77|4,61-80 YRS,17,22,17,13,14,83|||||||||||||||||,
178||||5,MAY,18,15.0,7,15,13,68|18,34.0,11,21,17,101|5,81-100 YRS,12,10,5,5,8,40|||||||||||||||||,
179||||6,JUNE,28,9.0,11,16,19,83|36,30.0,21,25,27,139|TOTAL|563,525,257,396,423,2164|||||||||||||||||,
180||||7,JULY,24,15.0,5,25,13,82|39,27.0,12,29,20,127|||||||||||||||||||||
181||||8,AUG,21,20.0,5,10,14,70|25,27.0,12,24,20,108|||||||||||||||||||||
182||||9,SEPT,19,13.0,7,19,17,75|25,36.0,9,17,20,107|||||||||||||||||||||
183||||10,OCT,30,13.0,6,14,28,91|43,21.0,10,25,28,127|||||||||||||||||||||
184||||11,NOV,18,13.0,8,15,15,69|26,18.0,13,23,23,103|||||||||||||||||||||
185||||12,DEC,21,12.0,7,18,18,76|30,27.0,16,19,25,117|||||||||||||||||||||
186||||TOTAL|238,177.0,84,166,178,843|325,348.0,173,230,245,1321|||||||||||||||||||||
187|||||||||||||||||||||||||||||,
188|||||||||||||||||||||||||||||,
189|||||||||||||||||||||||||||||,
190||||DEMOGRAPHIC PROFILE BY GENDER FROM 2018-2022 IN SDA||||||DEMOGRAPHIC PROFILE OF ASTHMATIC BY AGE IN 2018-2022||||||||||||||||||||
191||||S/N,MONTH,M 2018,2019.0,2020,2021,2022,TOTAL|F 2018,2019.0,2020,2021,2022,TOTAL|S/N,AGE RANGE,2018,2019,2020,2021,2022,TOTAL|||||||||||||||||,
192|||||||||||||||||||||||||||||,
193||||1,JAN,6,7.0,1,4,11,29|14,24.0,8,14,13,73|||||||||||||||||||||
194||||2,FEB,7,8.0,2,5,6,28|12,22.0,9,8,11,62|1,1-20 YRS,96,117,50,61,88,412|||||||||||||||||,
195||||3,MARCH,5,10.0,4,3,4,26|10,16.0,8,12,6,52|2,21-40 YRS,101,121,37,79,91,429|||||||||||||||||,
196||||4,APRIL,3,7.0,3,5,4,22|8,18.0,7,11,7,51|3,41-60 YRS,38,56,20,38,32,184|||||||||||||||||,
197||||5,MAY,7,7.0,3,7,6,30|8,8.0,5,8,5,34|4,61-80 YRS,4,7,2,3,3,19|||||||||||||||||,
198||||6,JUNE,14,12.0,4,7,12,49|10,7.0,9,5,6,37|5,81-100 YRS,1,4,1|1,7|||||||||||||||||,
199||||7,JULY,15,10.0,2,6,10,43|9,8.0,6,7,5,35|TOTAL|240,305,110,181,215,1051,1051.0|||||||||||||||||
200||||8,AUG,9,11.0,1,7,8,36|9,15.0,4,7,9,44|||||||||||||||||||||
201||||9,SEPT,9,7.0,3,5,8,32|6,21.0,6,7,11,51|||||||||||||||||||||
202||||10,OCT,14,7.0,4,13,11,49|16,20.0,3,13,13,65|||||||||||||||||||||
203||||11,NOV,8,8.0,5,4,8,33|14,18.0,5,13,15,65|||||||||||||||||||||
204||||12,DEC,10,6.0,3,7,11,37|17,22.0,9,9,18,75|||||||||||||||||||||
205||||TOTAL|107,100.0,35,73,99,414|133,199.0,79,114,119,644|||||||||||||||||||||
206|||||||||||||||||||||||||||||,
207|||||||||||||||||||||||||||||,
208|||||||||||||||||||||||||||||,
209||||"DEMOGRAPHIC PROFILE BY GENDER FROM 2018 -2022 IN GENERAL HOSPITAL, IKERE EKITI"||||||DEMOGRAPHIC PROFILE OF ASTHMATIC BY AGE IN 2018-2022||||||||||||||||||||
210||||S/N,MONTH,M 2018,2019.0,2020,2021,2022,TOTAL|F 2018,2019.0,2020,2021,2022,TOTAL|S/N,AGE RANGE,2018,2019,2020,2021,2022,TOTAL|||||||||||||||||,
211|||||||||||||||||||||||||||||,
212||||1,JAN,4,6.0,11,6,9,36|5,5.0,5,3,4,22|||||||||||||||||||||
213||||2,FEB,6,5.0,3,5,4,23|6,10.0,9,7,4,36|1,1-20 YRS,7,5,2,2,3,19|||||||||||||||||,
214||||3,MARCH,3,9.0,8,3,5,28|6,5.0,5,5,3,24|2,21-40 YRS,33,67,18,31,10,159|||||||||||||||||,
215||||4,APRIL,1,4.0,2,1,3,11|1,11.0,5,2,3,22|3,41-60 YRS,96,30,65,38,61,290|||||||||||||||||,
216||||5,MAY,7,2.0,1,1,2,13|2,2.0,1,1,1,7|4,61-80 YRS,9,5,2,3,15,34|||||||||||||||||,
217||||6,JUNE,2,3.0,1,2,1,9|3,2.0,2,3,1,11|5,81-100 YRS,2,1,3,2,5,13|||||||||||||||||,
218||||7,JULY,5,1.0,1,1,0,8|2,1.0,1,1,1,6|TOTAL|147,108,90,76,94,515|||||||||||||||||,
219||||8,AUG,8,2.0,3,5,2,20|5,1.0,2,2,1,11|||||||||||||||||||||
220||||9,SEPT,2,2.0,5,3,2,14|1,1.0,3,2,6,13|||||||||||||||||||||
221||||10,OCT,9,3.0,4,3,5,24|8,2.0,3,1,5,19|||||||||||||||||||||
222||||11,NOV,15,5.0,3,4,11,38|9,9.0,4,1,4,27|||||||||||||||||||||
223||||12,DEC,18,10.0,5,3,10,46|19,7.0,3,11,7,47|||||||||||||||||||||
224||||TOTAL|80,52.0,47,37,54,270|67,56.0,43,39,40,245|||||||||||||||||||||
225||||TOTAL|80,52.0,47,37,54,270|67,56.0,43,39,40,245|||||||||||||||||||||
226|||||||||||||||||||||||||||||,
227|||||||||||||||||||||||||||||,
228||||"CEMOGRAPHIC PROFILE BY GENDER FROM 2018-2022 IN GENERAL HOSPITAL, MOBA"||||||DEMOGRAPHIC PROFILE OF ASTHMATIC BY AGE IN 2018-2022||||||||||||||||||||
229||||S/N,MONTH,M 2018,2019.0,2020,2021,2022,TOTAL|F 2018,2019.0,2020,2021,2022,TOTAL|S/N,AGE RANGE,2018,2019,2020,2021,2022,TOTAL|||||||||||||||||,
230|||||||||||||||||||||||||||||,
231||||1,JAN,6,6.0,5,6,8,31|5,2.0,3,3,5,18|||||||||||||||||||||
232||||2,FEB,7,1.0,1,7,6,22|3,3.0,2,5,2,15|1,1-20 YRS,3,2,3,3,3,14|||||||||||||||||,
233||||3,MARCH,2,7.0,4,5,5,23|5,5.0,2,3,3,18|2,21-40 YRS,23,18,8,11,11,71|||||||||||||||||,
234||||4,APRIL,2,1.0,3,2,5,13|1,2.0,3,1,1,8|3,41-60 YRS,72,30,32,34,57,225|||||||||||||||||,
235||||5,MAY,2,1.0,1,1,1,6|3,0.0,1,2,2,8|4,61-80 YRS,8,15,9,27,21,80|||||||||||||||||,
236||||6,JUNE,7,1.0,1,3,1,13|4,2.0,0,2,1,9|5,81-100 YRS,17,1,3,1,2,24|||||||||||||||||,
237||||7,JULY,3,2.0,1,1,1,8|4,2.0,1,1,0,8|TOTAL|123,66,55,76,94,414|||||||||||||||||,
238||||8,AUG,5,3.0,0,4,2,14|5,1.0,2,3,1,12|||||||||||||||||||||
239||||9,SEPT,3,2.0,1,3,5,14|5,1.0,3,2,3,14|||||||||||||||||||||
240||||10,OCT,6,5.0,4,2,4,21|4,2.0,2,2,6,16|||||||||||||||||||||
241||||11,NOV,14,3.0,6,3,9,35|6,4.0,2,2,6,20|||||||||||||||||||||
242||||12,DEC,15,7.0,5,7,12,46|6,3.0,2,6,5,22|||||||||||||||||||||
243||||TOTAL|72,39.0,32,44,59,246|51,27.0,23,32,35,168|||||||||||||||||||||
