DATE,TOTAL,TIME,PM2.5,SO2_TIME,Location,YEAR,SO2
2018-01-01,36,2018-01-01 00:00:00,1.62e-07,2018-01-01 00:00:00,STATION 1 EKSUTH ADO,2018,
2018-02-01,36,2018-02-01 00:00:00,8.26e-08,2018-02-01 00:00:00,STATION 1 EKSUTH ADO,2018,
2018-03-01,30,2018-03-01 00:00:00,5.15e-08,2018-03-01 00:00:00,STATION 1 EKSUTH ADO,2018,
2018-04-01,19,2018-04-01 00:00:00,5.45e-08,2018-04-01 00:00:00,STATION 1 EKSUTH ADO,2018,
2018-05-01,2,2018-05-01 00:00:00,2.79e-08,2018-05-01 00:00:00,STATION 1 EKSUTH ADO,2018,
2018-06-01,2,2018-06-01 00:00:00,2.07e-08,2018-06-01 00:00:00,STATION 1 EKSUTH ADO,2018,
2018-07-01,2,2018-07-01 00:00:00,1.44e-08,2018-07-01 00:00:00,STATION 1 EKSUTH ADO,2018,
2018-08-01,2,2018-08-01 00:00:00,1.01e-08,2018-08-01 00:00:00,STATION 1 EKSUTH ADO,2018,
2018-09-01,1,2018-09-01 00:00:00,1.49e-08,2018-09-01 00:00:00,STATION 1 EKSUTH ADO,2018,
2018-10-01,2,2018-10-01 00:00:00,2.66e-08,2018-10-01 00:00:00,STATION 1 EKSUTH ADO,2018,
2018-11-01,9,2018-11-01 00:00:00,4.22e-08,2018-11-01 00:00:00,STATION 1 EKSUTH ADO,2018,
2018-12-01,37,2018-12-01 00:00:00,1.35e-07,2018-12-01 00:00:00,STATION 1 EKSUTH ADO,2018,
2019-01-01,19,2019-01-01 00:00:00,8.8e-08,2019-01-01 00:00:00,STATION 1 EKSUTH ADO,2019,
2019-02-01,21,2019-02-01 00:00:00,1.02e-07,2019-02-01 00:00:00,STATION 1 EKSUTH ADO,2019,
2019-03-01,5,2019-03-01 00:00:00,5.56e-08,2019-03-01 00:00:00,STATION 1 EKSUTH ADO,2019,
2019-04-01,5,2019-04-01 00:00:00,4.36e-08,2019-04-01 00:00:00,STATION 1 EKSUTH ADO,2019,
2019-05-01,1,2019-05-01 00:00:00,2.54e-08,2019-05-01 00:00:00,STATION 1 EKSUTH ADO,2019,
2019-06-01,1,2019-06-01 00:00:00,1.61e-08,2019-06-01 00:00:00,STATION 1 EKSUTH ADO,2019,
2019-07-01,4,2019-07-01 00:00:00,1.31e-08,2019-07-01 00:00:00,STATION 1 EKSUTH ADO,2019,
2019-08-01,0,2019-08-01 00:00:00,9.57e-09,2019-08-01 00:00:00,STATION 1 EKSUTH ADO,2019,
2019-09-01,5,2019-09-01 00:00:00,1.87e-08,2019-09-01 00:00:00,STATION 1 EKSUTH ADO,2019,
2019-10-01,8,2019-10-01 00:00:00,1.85e-08,2019-10-01 00:00:00,STATION 1 EKSUTH ADO,2019,
2019-11-01,18,2019-11-01 00:00:00,3.4e-08,2019-11-01 00:00:00,STATION 1 EKSUTH ADO,2019,
2019-12-01,28,2019-12-01 00:00:00,6.56e-08,2019-12-01 00:00:00,STATION 1 EKSUTH ADO,2019,
2020-01-01,16,2020-01-01 00:00:00,1.67e-07,2020-01-01 00:00:00,STATION 1 EKSUTH ADO,2020,
2020-02-01,33,2020-02-01 00:00:00,1.54e-07,2020-02-01 00:00:00,STATION 1 EKSUTH ADO,2020,
2020-03-01,3,2020-03-01 00:00:00,6.05e-08,2020-03-01 00:00:00,STATION 1 EKSUTH ADO,2020,
2020-04-01,3,2020-04-01 00:00:00,4.61e-08,2020-04-01 00:00:00,STATION 1 EKSUTH ADO,2020,
2020-05-01,3,2020-05-01 00:00:00,2.96e-08,2020-05-01 00:00:00,STATION 1 EKSUTH ADO,2020,
2020-06-01,4,2020-06-01 00:00:00,1.96e-08,2020-06-01 00:00:00,STATION 1 EKSUTH ADO,2020,
2020-07-01,1,2020-07-01 00:00:00,1.14e-08,2020-07-01 00:00:00,STATION 1 EKSUTH ADO,2020,
2020-08-01,8,2020-08-01 00:00:00,1.03e-08,2020-08-01 00:00:00,STATION 1 EKSUTH ADO,2020,
2020-09-01,1,2020-09-01 00:00:00,1.35e-08,2020-09-01 00:00:00,STATION 1 EKSUTH ADO,2020,
2020-10-01,0,2020-10-01 00:00:00,2.91e-08,2020-10-01 00:00:00,STATION 1 EKSUTH ADO,2020,
2020-11-01,28,2020-11-01 00:00:00,6.15e-08,2020-11-01 00:00:00,STATION 1 EKSUTH ADO,2020,
2020-12-01,40,2020-12-01 00:00:00,6.58e-08,2020-12-01 00:00:00,STATION 1 EKSUTH ADO,2020,
2021-01-01,28,2021-01-01 00:00:00,9.18e-08,2021-01-01 00:00:00,STATION 1 EKSUTH ADO,2021,
2021-02-01,11,2021-02-01 00:00:00,1.43e-07,2021-02-01 00:00:00,STATION 1 EKSUTH ADO,2021,
2021-03-01,16,2021-03-01 00:00:00,8.68e-08,2021-03-01 00:00:00,STATION 1 EKSUTH ADO,2021,
2021-04-01,3,2021-04-01 00:00:00,5.14e-08,2021-04-01 00:00:00,STATION 1 EKSUTH ADO,2021,
2021-05-01,2,2021-05-01 00:00:00,2.42e-08,2021-05-01 00:00:00,STATION 1 EKSUTH ADO,2021,
2021-06-01,3,2021-06-01 00:00:00,2.19e-08,2021-06-01 00:00:00,STATION 1 EKSUTH ADO,2021,
2021-07-01,3,2021-07-01 00:00:00,1.74e-08,2021-07-01 00:00:00,STATION 1 EKSUTH ADO,2021,
2021-08-01,7,2021-08-01 00:00:00,1.16e-08,2021-08-01 00:00:00,STATION 1 EKSUTH ADO,2021,
2021-09-01,6,2021-09-01 00:00:00,2.02e-08,2021-09-01 00:00:00,STATION 1 EKSUTH ADO,2021,
2021-10-01,13,2021-10-01 00:00:00,2.77e-08,2021-10-01 00:00:00,STATION 1 EKSUTH ADO,2021,
2021-11-01,31,2021-11-01 00:00:00,3.62e-08,2021-11-01 00:00:00,STATION 1 EKSUTH ADO,2021,
2021-12-01,32,2021-12-01 00:00:00,1.33e-07,2021-12-01 00:00:00,STATION 1 EKSUTH ADO,2021,
2022-01-01,21,2022-01-01 00:00:00,1.25e-07,2022-01-01 00:00:00,STATION 1 EKSUTH ADO,2022,
2022-02-01,14,2022-02-01 00:00:00,1.4e-07,2022-02-01 00:00:00,STATION 1 EKSUTH ADO,2022,
2022-03-01,6,2022-03-01 00:00:00,9.17e-08,2022-03-01 00:00:00,STATION 1 EKSUTH ADO,2022,
2022-04-01,2,2022-04-01 00:00:00,4.12e-08,2022-04-01 00:00:00,STATION 1 EKSUTH ADO,2022,
2022-05-01,2,2022-05-01 00:00:00,3.55e-08,2022-05-01 00:00:00,STATION 1 EKSUTH ADO,2022,
2022-06-01,2,2022-06-01 00:00:00,2.27e-08,2022-06-01 00:00:00,STATION 1 EKSUTH ADO,2022,
2022-07-01,4,2022-07-01 00:00:00,1.62e-08,2022-07-01 00:00:00,STATION 1 EKSUTH ADO,2022,
2022-08-01,1,2022-08-01 00:00:00,1.12e-08,2022-08-01 00:00:00,STATION 1 EKSUTH ADO,2022,
2022-09-01,0,2022-09-01 00:00:00,1.2e-08,2022-09-01 00:00:00,STATION 1 EKSUTH ADO,2022,
2022-10-01,1,2022-10-01 00:00:00,4.12e-08,2022-10-01 00:00:00,STATION 1 EKSUTH ADO,2022,
2022-11-01,32,2022-11-01 00:00:00,5.37e-08,2022-11-01 00:00:00,STATION 1 EKSUTH ADO,2022,
2022-12-01,31,2022-12-01 00:00:00,7.46e-08,2022-12-01 00:00:00,STATION 1 EKSUTH ADO,2022,
2018-01-01,36,2018-01-01 00:00:00,1.61355013e-07,2018-01-01 00:00:00,STATION 2 FMC IDO,2018,
2018-02-01,29,2018-02-01 00:00:00,8.59740554e-08,2018-02-01 00:00:00,STATION 2 FMC IDO,2018,
2018-03-01,21,2018-03-01 00:00:00,5.73167151e-08,2018-03-01 00:00:00,STATION 2 FMC IDO,2018,
2018-04-01,3,2018-04-01 00:00:00,5.87290111e-08,2018-04-01 00:00:00,STATION 2 FMC IDO,2018,
2018-05-01,3,2018-05-01 00:00:00,3.14726767e-08,2018-05-01 00:00:00,STATION 2 FMC IDO,2018,
2018-06-01,1,2018-06-01 00:00:00,2.36456666e-08,2018-06-01 00:00:00,STATION 2 FMC IDO,2018,
2018-07-01,1,2018-07-01 00:00:00,1.6380768e-08,2018-07-01 00:00:00,STATION 2 FMC IDO,2018,
2018-08-01,2,2018-08-01 00:00:00,1.18824943e-08,2018-08-01 00:00:00,STATION 2 FMC IDO,2018,
2018-09-01,5,2018-09-01 00:00:00,1.79121706e-08,2018-09-01 00:00:00,STATION 2 FMC IDO,2018,
2018-10-01,33,2018-10-01 00:00:00,3.08475984e-08,2018-10-01 00:00:00,STATION 2 FMC IDO,2018,
2018-11-01,41,2018-11-01 00:00:00,4.27922021e-08,2018-11-01 00:00:00,STATION 2 FMC IDO,2018,
2018-12-01,35,2018-12-01 00:00:00,1.38579241e-07,2018-12-01 00:00:00,STATION 2 FMC IDO,2018,
2019-01-01,36,2019-01-01 00:00:00,9.05564771e-08,2019-01-01 00:00:00,STATION 2 FMC IDO,2019,
2019-02-01,16,2019-02-01 00:00:00,1.03253791e-07,2019-02-01 00:00:00,STATION 2 FMC IDO,2019,
2019-03-01,24,2019-03-01 00:00:00,5.95614451e-08,2019-03-01 00:00:00,STATION 2 FMC IDO,2019,
2019-04-01,11,2019-04-01 00:00:00,4.86594628e-08,2019-04-01 00:00:00,STATION 2 FMC IDO,2019,
2019-05-01,4,2019-05-01 00:00:00,2.79067753e-08,2019-05-01 00:00:00,STATION 2 FMC IDO,2019,
2019-06-01,3,2019-06-01 00:00:00,1.81379809e-08,2019-06-01 00:00:00,STATION 2 FMC IDO,2019,
2019-07-01,8,2019-07-01 00:00:00,1.50912445e-08,2019-07-01 00:00:00,STATION 2 FMC IDO,2019,
2019-08-01,8,2019-08-01 00:00:00,1.12251008e-08,2019-08-01 00:00:00,STATION 2 FMC IDO,2019,
2019-09-01,0,2019-09-01 00:00:00,2.2821289e-08,2019-09-01 00:00:00,STATION 2 FMC IDO,2019,
2019-10-01,14,2019-10-01 00:00:00,2.14696804e-08,2019-10-01 00:00:00,STATION 2 FMC IDO,2019,
2019-11-01,34,2019-11-01 00:00:00,3.38379719e-08,2019-11-01 00:00:00,STATION 2 FMC IDO,2019,
2019-12-01,34,2019-12-01 00:00:00,6.86777076e-08,2019-12-01 00:00:00,STATION 2 FMC IDO,2019,
2020-01-01,28,2020-01-01 00:00:00,1.69993345e-07,2020-01-01 00:00:00,STATION 2 FMC IDO,2020,
2020-02-01,23,2020-02-01 00:00:00,1.56102993e-07,2020-02-01 00:00:00,STATION 2 FMC IDO,2020,
2020-03-01,7,2020-03-01 00:00:00,6.57673814e-08,2020-03-01 00:00:00,STATION 2 FMC IDO,2020,
2020-04-01,4,2020-04-01 00:00:00,5.04085434e-08,2020-04-01 00:00:00,STATION 2 FMC IDO,2020,
2020-05-01,9,2020-05-01 00:00:00,3.40304797e-08,2020-05-01 00:00:00,STATION 2 FMC IDO,2020,
2020-06-01,3,2020-06-01 00:00:00,2.27333389e-08,2020-06-01 00:00:00,STATION 2 FMC IDO,2020,
2020-07-01,2,2020-07-01 00:00:00,1.28509877e-08,2020-07-01 00:00:00,STATION 2 FMC IDO,2020,
2020-08-01,4,2020-08-01 00:00:00,1.14199112e-08,2020-08-01 00:00:00,STATION 2 FMC IDO,2020,
2020-09-01,5,2020-09-01 00:00:00,1.56674883e-08,2020-09-01 00:00:00,STATION 2 FMC IDO,2020,
2020-10-01,9,2020-10-01 00:00:00,3.25123006e-08,2020-10-01 00:00:00,STATION 2 FMC IDO,2020,
2020-11-01,40,2020-11-01 00:00:00,6.79358313e-08,2020-11-01 00:00:00,STATION 2 FMC IDO,2020,
2020-12-01,47,2020-12-01 00:00:00,6.62579672e-08,2020-12-01 00:00:00,STATION 2 FMC IDO,2020,
2021-01-01,28,2021-01-01 00:00:00,9.66729179e-08,2021-01-01 00:00:00,STATION 2 FMC IDO,2021,
2021-02-01,21,2021-02-01 00:00:00,1.43533474e-07,2021-02-01 00:00:00,STATION 2 FMC IDO,2021,
2021-03-01,19,2021-03-01 00:00:00,9.55963334e-08,2021-03-01 00:00:00,STATION 2 FMC IDO,2021,
2021-04-01,3,2021-04-01 00:00:00,5.46693621e-08,2021-04-01 00:00:00,STATION 2 FMC IDO,2021,
2021-05-01,2,2021-05-01 00:00:00,2.70633553e-08,2021-05-01 00:00:00,STATION 2 FMC IDO,2021,
2021-06-01,5,2021-06-01 00:00:00,2.43761797e-08,2021-06-01 00:00:00,STATION 2 FMC IDO,2021,
2021-07-01,2,2021-07-01 00:00:00,1.89987305e-08,2021-07-01 00:00:00,STATION 2 FMC IDO,2021,
2021-08-01,1,2021-08-01 00:00:00,1.2902859e-08,2021-08-01 00:00:00,STATION 2 FMC IDO,2021,
2021-09-01,4,2021-09-01 00:00:00,2.3086958e-08,2021-09-01 00:00:00,STATION 2 FMC IDO,2021,
2021-10-01,30,2021-10-01 00:00:00,3.14431705e-08,2021-10-01 00:00:00,STATION 2 FMC IDO,2021,
2021-11-01,42,2021-11-01 00:00:00,4.17990293e-08,2021-11-01 00:00:00,STATION 2 FMC IDO,2021,
2021-12-01,44,2021-12-01 00:00:00,1.44052957e-07,2021-12-01 00:00:00,STATION 2 FMC IDO,2021,
2022-01-01,28,2022-01-01 00:00:00,1.2776805e-07,2022-01-01 00:00:00,STATION 2 FMC IDO,2022,
2022-02-01,21,2022-02-01 00:00:00,1.4832239e-07,2022-02-01 00:00:00,STATION 2 FMC IDO,2022,
2022-03-01,19,2022-03-01 00:00:00,1.01581926e-07,2022-03-01 00:00:00,STATION 2 FMC IDO,2022,
2022-04-01,3,2022-04-01 00:00:00,4.43981184e-08,2022-04-01 00:00:00,STATION 2 FMC IDO,2022,
2022-05-01,2,2022-05-01 00:00:00,3.94236796e-08,2022-05-01 00:00:00,STATION 2 FMC IDO,2022,
2022-06-01,5,2022-06-01 00:00:00,2.48360838e-08,2022-06-01 00:00:00,STATION 2 FMC IDO,2022,
2022-07-01,2,2022-07-01 00:00:00,1.82806096e-08,2022-07-01 00:00:00,STATION 2 FMC IDO,2022,
2022-08-01,1,2022-08-01 00:00:00,1.22997247e-08,2022-08-01 00:00:00,STATION 2 FMC IDO,2022,
2022-09-01,4,2022-09-01 00:00:00,1.42718524e-08,2022-09-01 00:00:00,STATION 2 FMC IDO,2022,
2022-10-01,30,2022-10-01 00:00:00,4.54063023e-08,2022-10-01 00:00:00,STATION 2 FMC IDO,2022,
2022-11-01,42,2022-11-01 00:00:00,5.64088867e-08,2022-11-01 00:00:00,STATION 2 FMC IDO,2022,
2022-12-01,44,2022-12-01 00:00:00,7.83633276e-08,2022-12-01 00:00:00,STATION 2 FMC IDO,2022,
2018-01-01,9,2018-01-01 00:00:00,1.61680176e-07,2018-01-01 00:00:00,STATION 3 GENERAL HOSPITAL IKERE,2018,
2018-02-01,12,2018-02-01 00:00:00,8.26049696e-08,2018-02-01 00:00:00,STATION 3 GENERAL HOSPITAL IKERE,2018,
2018-03-01,9,2018-03-01 00:00:00,5.15410611e-08,2018-03-01 00:00:00,STATION 3 GENERAL HOSPITAL IKERE,2018,
2018-04-01,2,2018-04-01 00:00:00,5.45453688e-08,2018-04-01 00:00:00,STATION 3 GENERAL HOSPITAL IKERE,2018,
2018-05-01,9,2018-05-01 00:00:00,2.78506967e-08,2018-05-01 00:00:00,STATION 3 GENERAL HOSPITAL IKERE,2018,
2018-06-01,5,2018-06-01 00:00:00,2.06731444e-08,2018-06-01 00:00:00,STATION 3 GENERAL HOSPITAL IKERE,2018,
2018-07-01,7,2018-07-01 00:00:00,1.4433399e-08,2018-07-01 00:00:00,STATION 3 GENERAL HOSPITAL IKERE,2018,
2018-08-01,13,2018-08-01 00:00:00,1.00977091e-08,2018-08-01 00:00:00,STATION 3 GENERAL HOSPITAL IKERE,2018,
2018-09-01,3,2018-09-01 00:00:00,1.4949343e-08,2018-09-01 00:00:00,STATION 3 GENERAL HOSPITAL IKERE,2018,
2018-10-01,17,2018-10-01 00:00:00,2.66437136e-08,2018-10-01 00:00:00,STATION 3 GENERAL HOSPITAL IKERE,2018,
2018-11-01,24,2018-11-01 00:00:00,4.2237292e-08,2018-11-01 00:00:00,STATION 3 GENERAL HOSPITAL IKERE,2018,
2018-12-01,37,2018-12-01 00:00:00,1.34906335e-07,2018-12-01 00:00:00,STATION 3 GENERAL HOSPITAL IKERE,2018,
2019-01-01,11,2019-01-01 00:00:00,8.80164325e-08,2019-01-01 00:00:00,STATION 3 GENERAL HOSPITAL IKERE,2019,
2019-02-01,15,2019-02-01 00:00:00,1.01658351e-07,2019-02-01 00:00:00,STATION 3 GENERAL HOSPITAL IKERE,2019,
2019-03-01,14,2019-03-01 00:00:00,5.55682514e-08,2019-03-01 00:00:00,STATION 3 GENERAL HOSPITAL IKERE,2019,
2019-04-01,15,2019-04-01 00:00:00,4.36338896e-08,2019-04-01 00:00:00,STATION 3 GENERAL HOSPITAL IKERE,2019,
2019-05-01,4,2019-05-01 00:00:00,2.53620374e-08,2019-05-01 00:00:00,STATION 3 GENERAL HOSPITAL IKERE,2019,
2019-06-01,5,2019-06-01 00:00:00,1.61142121e-08,2019-06-01 00:00:00,STATION 3 GENERAL HOSPITAL IKERE,2019,
2019-07-01,2,2019-07-01 00:00:00,1.31156442e-08,2019-07-01 00:00:00,STATION 3 GENERAL HOSPITAL IKERE,2019,
2019-08-01,3,2019-08-01 00:00:00,9.57207331e-09,2019-08-01 00:00:00,STATION 3 GENERAL HOSPITAL IKERE,2019,
2019-09-01,3,2019-09-01 00:00:00,1.8680536e-08,2019-09-01 00:00:00,STATION 3 GENERAL HOSPITAL IKERE,2019,
2019-10-01,5,2019-10-01 00:00:00,1.85109857e-08,2019-10-01 00:00:00,STATION 3 GENERAL HOSPITAL IKERE,2019,
2019-11-01,14,2019-11-01 00:00:00,3.40312317e-08,2019-11-01 00:00:00,STATION 3 GENERAL HOSPITAL IKERE,2019,
2019-12-01,17,2019-12-01 00:00:00,6.55532141e-08,2019-12-01 00:00:00,STATION 3 GENERAL HOSPITAL IKERE,2019,
2020-01-01,16,2020-01-01 00:00:00,1.67077488e-07,2020-01-01 00:00:00,STATION 3 GENERAL HOSPITAL IKERE,2020,
2020-02-01,12,2020-02-01 00:00:00,1.53799385e-07,2020-02-01 00:00:00,STATION 3 GENERAL HOSPITAL IKERE,2020,
2020-03-01,13,2020-03-01 00:00:00,6.04906276e-08,2020-03-01 00:00:00,STATION 3 GENERAL HOSPITAL IKERE,2020,
2020-04-01,7,2020-04-01 00:00:00,4.61113001e-08,2020-04-01 00:00:00,STATION 3 GENERAL HOSPITAL IKERE,2020,
2020-05-01,2,2020-05-01 00:00:00,2.95724061e-08,2020-05-01 00:00:00,STATION 3 GENERAL HOSPITAL IKERE,2020,
2020-06-01,3,2020-06-01 00:00:00,1.95654079e-08,2020-06-01 00:00:00,STATION 3 GENERAL HOSPITAL IKERE,2020,
2020-07-01,2,2020-07-01 00:00:00,1.14444191e-08,2020-07-01 00:00:00,STATION 3 GENERAL HOSPITAL IKERE,2020,
2020-08-01,5,2020-08-01 00:00:00,1.03360618e-08,2020-08-01 00:00:00,STATION 3 GENERAL HOSPITAL IKERE,2020,
2020-09-01,8,2020-09-01 00:00:00,1.35499369e-08,2020-09-01 00:00:00,STATION 3 GENERAL HOSPITAL IKERE,2020,
2020-10-01,7,2020-10-01 00:00:00,2.91190432e-08,2020-10-01 00:00:00,STATION 3 GENERAL HOSPITAL IKERE,2020,
2020-11-01,7,2020-11-01 00:00:00,6.14840907e-08,2020-11-01 00:00:00,STATION 3 GENERAL HOSPITAL IKERE,2020,
2020-12-01,8,2020-12-01 00:00:00,6.58498946e-08,2020-12-01 00:00:00,STATION 3 GENERAL HOSPITAL IKERE,2020,
2021-01-01,9,2021-01-01 00:00:00,9.1823012e-08,2021-01-01 00:00:00,STATION 3 GENERAL HOSPITAL IKERE,2021,
2021-02-01,12,2021-02-01 00:00:00,1.42590271e-07,2021-02-01 00:00:00,STATION 3 GENERAL HOSPITAL IKERE,2021,
2021-03-01,8,2021-03-01 00:00:00,8.68114439e-08,2021-03-01 00:00:00,STATION 3 GENERAL HOSPITAL IKERE,2021,
2021-04-01,3,2021-04-01 00:00:00,5.13954466e-08,2021-04-01 00:00:00,STATION 3 GENERAL HOSPITAL IKERE,2021,
2021-05-01,2,2021-05-01 00:00:00,2.42332272e-08,2021-05-01 00:00:00,STATION 3 GENERAL HOSPITAL IKERE,2021,
2021-06-01,5,2021-06-01 00:00:00,2.19329146e-08,2021-06-01 00:00:00,STATION 3 GENERAL HOSPITAL IKERE,2021,
2021-07-01,2,2021-07-01 00:00:00,1.74047989e-08,2021-07-01 00:00:00,STATION 3 GENERAL HOSPITAL IKERE,2021,
2021-08-01,7,2021-08-01 00:00:00,1.1581712e-08,2021-08-01 00:00:00,STATION 3 GENERAL HOSPITAL IKERE,2021,
2021-09-01,5,2021-09-01 00:00:00,2.01708974e-08,2021-09-01 00:00:00,STATION 3 GENERAL HOSPITAL IKERE,2021,
2021-10-01,4,2021-10-01 00:00:00,2.77164292e-08,2021-10-01 00:00:00,STATION 3 GENERAL HOSPITAL IKERE,2021,
2021-11-01,5,2021-11-01 00:00:00,3.62017765e-08,2021-11-01 00:00:00,STATION 3 GENERAL HOSPITAL IKERE,2021,
2021-12-01,14,2021-12-01 00:00:00,1.33005604e-07,2021-12-01 00:00:00,STATION 3 GENERAL HOSPITAL IKERE,2021,
2022-01-01,13,2022-01-01 00:00:00,1.2546636e-07,2022-01-01 00:00:00,STATION 3 GENERAL HOSPITAL IKERE,2022,
2022-02-01,8,2022-02-01 00:00:00,1.39900662e-07,2022-02-01 00:00:00,STATION 3 GENERAL HOSPITAL IKERE,2022,
2022-03-01,8,2022-03-01 00:00:00,9.17235174e-08,2022-03-01 00:00:00,STATION 3 GENERAL HOSPITAL IKERE,2022,
2022-04-01,6,2022-04-01 00:00:00,4.124652e-08,2022-04-01 00:00:00,STATION 3 GENERAL HOSPITAL IKERE,2022,
2022-05-01,3,2022-05-01 00:00:00,3.55459402e-08,2022-05-01 00:00:00,STATION 3 GENERAL HOSPITAL IKERE,2022,
2022-06-01,2,2022-06-01 00:00:00,2.26663461e-08,2022-06-01 00:00:00,STATION 3 GENERAL HOSPITAL IKERE,2022,
2022-07-01,1,2022-07-01 00:00:00,1.61696755e-08,2022-07-01 00:00:00,STATION 3 GENERAL HOSPITAL IKERE,2022,
2022-08-01,3,2022-08-01 00:00:00,1.11704482e-08,2022-08-01 00:00:00,STATION 3 GENERAL HOSPITAL IKERE,2022,
2022-09-01,8,2022-09-01 00:00:00,1.20067165e-08,2022-09-01 00:00:00,STATION 3 GENERAL HOSPITAL IKERE,2022,
2022-10-01,10,2022-10-01 00:00:00,4.1174591e-08,2022-10-01 00:00:00,STATION 3 GENERAL HOSPITAL IKERE,2022,
2022-11-01,15,2022-11-01 00:00:00,5.37434448e-08,2022-11-01 00:00:00,STATION 3 GENERAL HOSPITAL IKERE,2022,
2022-12-01,17,2022-12-01 00:00:00,7.45865752e-08,2022-12-01 00:00:00,STATION 3 GENERAL HOSPITAL IKERE,2022,
2018-01-01,11,2018-01-01 00:00:00,1.60717351e-07,2018-01-01 00:00:00,STATION4,2018,
2018-02-01,10,2018-02-01 00:00:00,8.34819534e-08,2018-02-01 00:00:00,STATION4,2018,
2018-03-01,7,2018-03-01 00:00:00,5.04814851e-08,2018-03-01 00:00:00,STATION4,2018,
2018-04-01,3,2018-04-01 00:00:00,5.45386621e-08,2018-04-01 00:00:00,STATION4,2018,
2018-05-01,5,2018-05-01 00:00:00,2.77330561e-08,2018-05-01 00:00:00,STATION4,2018,
2018-06-01,11,2018-06-01 00:00:00,1.9972952e-08,2018-06-01 00:00:00,STATION4,2018,
2018-07-01,7,2018-07-01 00:00:00,1.41780638e-08,2018-07-01 00:00:00,STATION4,2018,
2018-08-01,10,2018-08-01 00:00:00,9.75834667e-09,2018-08-01 00:00:00,STATION4,2018,
2018-09-01,8,2018-09-01 00:00:00,1.48157016e-08,2018-09-01 00:00:00,STATION4,2018,
2018-10-01,10,2018-10-01 00:00:00,2.69173784e-08,2018-10-01 00:00:00,STATION4,2018,
2018-11-01,20,2018-11-01 00:00:00,4.15820481e-08,2018-11-01 00:00:00,STATION4,2018,
2018-12-01,21,2018-12-01 00:00:00,1.29090085e-07,2018-12-01 00:00:00,STATION4,2018,
2019-01-01,8,2019-01-01 00:00:00,9.16957153e-08,2019-01-01 00:00:00,STATION4,2019,
2019-02-01,4,2019-02-01 00:00:00,1.02343443e-07,2019-02-01 00:00:00,STATION4,2019,
2019-03-01,12,2019-03-01 00:00:00,5.79048692e-08,2019-03-01 00:00:00,STATION4,2019,
2019-04-01,3,2019-04-01 00:00:00,4.38486584e-08,2019-04-01 00:00:00,STATION4,2019,
2019-05-01,1,2019-05-01 00:00:00,2.5598587e-08,2019-05-01 00:00:00,STATION4,2019,
2019-06-01,3,2019-06-01 00:00:00,1.55283437e-08,2019-06-01 00:00:00,STATION4,2019,
2019-07-01,4,2019-07-01 00:00:00,1.31761686e-08,2019-07-01 00:00:00,STATION4,2019,
2019-08-01,4,2019-08-01 00:00:00,9.18502899e-09,2019-08-01 00:00:00,STATION4,2019,
2019-09-01,3,2019-09-01 00:00:00,1.81939089e-08,2019-09-01 00:00:00,STATION4,2019,
2019-10-01,7,2019-10-01 00:00:00,1.83798129e-08,2019-10-01 00:00:00,STATION4,2019,
2019-11-01,7,2019-11-01 00:00:00,3.36966561e-08,2019-11-01 00:00:00,STATION4,2019,
2019-12-01,10,2019-12-01 00:00:00,6.33764762e-08,2019-12-01 00:00:00,STATION4,2019,
2020-01-01,8,2020-01-01 00:00:00,1.6398006e-07,2020-01-01 00:00:00,STATION4,2020,
2020-02-01,3,2020-02-01 00:00:00,1.52788748e-07,2020-02-01 00:00:00,STATION4,2020,
2020-03-01,6,2020-03-01 00:00:00,6.33438989e-08,2020-03-01 00:00:00,STATION4,2020,
2020-04-01,6,2020-04-01 00:00:00,4.67374186e-08,2020-04-01 00:00:00,STATION4,2020,
2020-05-01,2,2020-05-01 00:00:00,2.94965079e-08,2020-05-01 00:00:00,STATION4,2020,
2020-06-01,1,2020-06-01 00:00:00,1.93505652e-08,2020-06-01 00:00:00,STATION4,2020,
2020-07-01,2,2020-07-01 00:00:00,1.10376836e-08,2020-07-01 00:00:00,STATION4,2020,
2020-08-01,2,2020-08-01 00:00:00,1.03641432e-08,2020-08-01 00:00:00,STATION4,2020,
2020-09-01,4,2020-09-01 00:00:00,1.30499789e-08,2020-09-01 00:00:00,STATION4,2020,
2020-10-01,6,2020-10-01 00:00:00,2.8782211e-08,2020-10-01 00:00:00,STATION4,2020,
2020-11-01,8,2020-11-01 00:00:00,5.92941875e-08,2020-11-01 00:00:00,STATION4,2020,
2020-12-01,7,2020-12-01 00:00:00,6.69945091e-08,2020-12-01 00:00:00,STATION4,2020,
2021-01-01,9,2021-01-01 00:00:00,9.38942078e-08,2021-01-01 00:00:00,STATION4,2021,
2021-02-01,12,2021-02-01 00:00:00,1.42711837e-07,2021-02-01 00:00:00,STATION4,2021,
2021-03-01,8,2021-03-01 00:00:00,9.03533386e-08,2021-03-01 00:00:00,STATION4,2021,
2021-04-01,3,2021-04-01 00:00:00,5.13340973e-08,2021-04-01 00:00:00,STATION4,2021,
2021-05-01,2,2021-05-01 00:00:00,2.42015776e-08,2021-05-01 00:00:00,STATION4,2021,
2021-06-01,5,2021-06-01 00:00:00,2.20697708e-08,2021-06-01 00:00:00,STATION4,2021,
2021-07-01,2,2021-07-01 00:00:00,1.74562108e-08,2021-07-01 00:00:00,STATION4,2021,
2021-08-01,7,2021-08-01 00:00:00,1.10469955e-08,2021-08-01 00:00:00,STATION4,2021,
2021-09-01,5,2021-09-01 00:00:00,2.00717503e-08,2021-09-01 00:00:00,STATION4,2021,
2021-10-01,4,2021-10-01 00:00:00,2.75119785e-08,2021-10-01 00:00:00,STATION4,2021,
2021-11-01,5,2021-11-01 00:00:00,3.73834729e-08,2021-11-01 00:00:00,STATION4,2021,
2021-12-01,14,2021-12-01 00:00:00,1.32860039e-07,2021-12-01 00:00:00,STATION4,2021,
2022-01-01,13,2022-01-01 00:00:00,1.2293317e-07,2022-01-01 00:00:00,STATION4,2022,
2022-02-01,8,2022-02-01 00:00:00,1.43393865e-07,2022-02-01 00:00:00,STATION4,2022,
2022-03-01,8,2022-03-01 00:00:00,9.6605217e-08,2022-03-01 00:00:00,STATION4,2022,
2022-04-01,6,2022-04-01 00:00:00,4.09320099e-08,2022-04-01 00:00:00,STATION4,2022,
2022-05-01,3,2022-05-01 00:00:00,3.6054728e-08,2022-05-01 00:00:00,STATION4,2022,
2022-06-01,2,2022-06-01 00:00:00,2.21797996e-08,2022-06-01 00:00:00,STATION4,2022,
2022-07-01,1,2022-07-01 00:00:00,1.6192922e-08,2022-07-01 00:00:00,STATION4,2022,
2022-08-01,3,2022-08-01 00:00:00,1.1045045e-08,2022-08-01 00:00:00,STATION4,2022,
2022-09-01,8,2022-09-01 00:00:00,1.14700185e-08,2022-09-01 00:00:00,STATION4,2022,
2022-10-01,10,2022-10-01 00:00:00,3.94551496e-08,2022-10-01 00:00:00,STATION4,2022,
2022-11-01,15,2022-11-01 00:00:00,5.4909469e-08,2022-11-01 00:00:00,STATION4,2022,
2022-12-01,17,2022-12-01 00:00:00,7.32569918e-08,2022-12-01 00:00:00,STATION4,2022,
2018-01-01,33,2018-01-01 00:00:00,1.53463894e-07,2018-01-01 00:00:00,STATION5,2018,
2018-02-01,27,2018-02-01 00:00:00,8.1391992e-08,2018-02-01 00:00:00,STATION5,2018,
2018-03-01,33,2018-03-01 00:00:00,4.93491105e-08,2018-03-01 00:00:00,STATION5,2018,
2018-04-01,5,2018-04-01 00:00:00,5.43672875e-08,2018-04-01 00:00:00,STATION5,2018,
2018-05-01,4,2018-05-01 00:00:00,2.7111635e-08,2018-05-01 00:00:00,STATION5,2018,
2018-06-01,13,2018-06-01 00:00:00,2.04694043e-08,2018-06-01 00:00:00,STATION5,2018,
2018-07-01,2,2018-07-01 00:00:00,1.48636758e-08,2018-07-01 00:00:00,STATION5,2018,
2018-08-01,3,2018-08-01 00:00:00,1.01807696e-08,2018-08-01 00:00:00,STATION5,2018,
2018-09-01,9,2018-09-01 00:00:00,1.39694698e-08,2018-09-01 00:00:00,STATION5,2018,
2018-10-01,13,2018-10-01 00:00:00,2.38738641e-08,2018-10-01 00:00:00,STATION5,2018,
2018-11-01,32,2018-11-01 00:00:00,4.50371624e-08,2018-11-01 00:00:00,STATION5,2018,
2018-12-01,30,2018-12-01 00:00:00,1.2770333e-07,2018-12-01 00:00:00,STATION5,2018,
2019-01-01,27,2019-01-01 00:00:00,8.26466515e-08,2019-01-01 00:00:00,STATION5,2019,
2019-02-01,20,2019-02-01 00:00:00,9.65842867e-08,2019-02-01 00:00:00,STATION5,2019,
2019-03-01,15,2019-03-01 00:00:00,5.43386668e-08,2019-03-01 00:00:00,STATION5,2019,
2019-04-01,7,2019-04-01 00:00:00,4.11640151e-08,2019-04-01 00:00:00,STATION5,2019,
2019-05-01,10,2019-05-01 00:00:00,2.61138741e-08,2019-05-01 00:00:00,STATION5,2019,
2019-06-01,3,2019-06-01 00:00:00,1.66367817e-08,2019-06-01 00:00:00,STATION5,2019,
2019-07-01,5,2019-07-01 00:00:00,1.40294992e-08,2019-07-01 00:00:00,STATION5,2019,
2019-08-01,6,2019-08-01 00:00:00,1.04445611e-08,2019-08-01 00:00:00,STATION5,2019,
2019-09-01,9,2019-09-01 00:00:00,1.78979968e-08,2019-09-01 00:00:00,STATION5,2019,
2019-10-01,22,2019-10-01 00:00:00,1.77497807e-08,2019-10-01 00:00:00,STATION5,2019,
2019-11-01,29,2019-11-01 00:00:00,3.82132073e-08,2019-11-01 00:00:00,STATION5,2019,
2019-12-01,31,2019-12-01 00:00:00,7.07946749e-08,2019-12-01 00:00:00,STATION5,2019,
2020-01-01,36,2020-01-01 00:00:00,1.68300095e-07,2020-01-01 00:00:00,STATION5,2020,
2020-02-01,11,2020-02-01 00:00:00,1.48137954e-07,2020-02-01 00:00:00,STATION5,2020,
2020-03-01,16,2020-03-01 00:00:00,5.5086684e-08,2020-03-01 00:00:00,STATION5,2020,
2020-04-01,4,2020-04-01 00:00:00,4.2954255e-08,2020-04-01 00:00:00,STATION5,2020,
2020-05-01,9,2020-05-01 00:00:00,2.74852912e-08,2020-05-01 00:00:00,STATION5,2020,
2020-06-01,1,2020-06-01 00:00:00,1.97849378e-08,2020-06-01 00:00:00,STATION5,2020,
2020-07-01,2,2020-07-01 00:00:00,1.27796988e-08,2020-07-01 00:00:00,STATION5,2020,
2020-08-01,2,2020-08-01 00:00:00,1.08205528e-08,2020-08-01 00:00:00,STATION5,2020,
2020-09-01,8,2020-09-01 00:00:00,1.24297672e-08,2020-09-01 00:00:00,STATION5,2020,
2020-10-01,10,2020-10-01 00:00:00,2.69864397e-08,2020-10-01 00:00:00,STATION5,2020,
2020-11-01,32,2020-11-01 00:00:00,6.02686209e-08,2020-11-01 00:00:00,STATION5,2020,
2020-12-01,33,2020-12-01 00:00:00,6.30343032e-08,2020-12-01 00:00:00,STATION5,2020,
2021-01-01,20,2021-01-01 00:00:00,8.65628215e-08,2021-01-01 00:00:00,STATION5,2021,
2021-02-01,14,2021-02-01 00:00:00,1.4204247e-07,2021-02-01 00:00:00,STATION5,2021,
2021-03-01,5,2021-03-01 00:00:00,8.28883999e-08,2021-03-01 00:00:00,STATION5,2021,
2021-04-01,2,2021-04-01 00:00:00,5.1972617e-08,2021-04-01 00:00:00,STATION5,2021,
2021-05-01,2,2021-05-01 00:00:00,2.42299942e-08,2021-05-01 00:00:00,STATION5,2021,
2021-06-01,4,2021-06-01 00:00:00,2.12482209e-08,2021-06-01 00:00:00,STATION5,2021,
2021-07-01,2,2021-07-01 00:00:00,1.72878218e-08,2021-07-01 00:00:00,STATION5,2021,
2021-08-01,2,2021-08-01 00:00:00,1.25495315e-08,2021-08-01 00:00:00,STATION5,2021,
2021-09-01,16,2021-09-01 00:00:00,1.89757058e-08,2021-09-01 00:00:00,STATION5,2021,
2021-10-01,14,2021-10-01 00:00:00,2.54646728e-08,2021-10-01 00:00:00,STATION5,2021,
2021-11-01,25,2021-11-01 00:00:00,3.34401988e-08,2021-11-01 00:00:00,STATION5,2021,
2021-12-01,31,2021-12-01 00:00:00,1.25316221e-07,2021-12-01 00:00:00,STATION5,2021,
2022-01-01,18,2022-01-01 00:00:00,1.25502952e-07,2022-01-01 00:00:00,STATION5,2022,
2022-02-01,10,2022-02-01 00:00:00,1.29016917e-07,2022-02-01 00:00:00,STATION5,2022,
2022-03-01,10,2022-03-01 00:00:00,7.71033939e-08,2022-03-01 00:00:00,STATION5,2022,
2022-04-01,2,2022-04-01 00:00:00,4.10496467e-08,2022-04-01 00:00:00,STATION5,2022,
2022-05-01,2,2022-05-01 00:00:00,3.37044682e-08,2022-05-01 00:00:00,STATION5,2022,
2022-06-01,2,2022-06-01 00:00:00,2.33278818e-08,2022-06-01 00:00:00,STATION5,2022,
2022-07-01,2,2022-07-01 00:00:00,1.6734959e-08,2022-07-01 00:00:00,STATION5,2022,
2022-08-01,2,2022-08-01 00:00:00,1.22115297e-08,2022-08-01 00:00:00,STATION5,2022,
2022-09-01,3,2022-09-01 00:00:00,1.21732353e-08,2022-09-01 00:00:00,STATION5,2022,
2022-10-01,17,2022-10-01 00:00:00,3.77898135e-08,2022-10-01 00:00:00,STATION5,2022,
2022-11-01,17,2022-11-01 00:00:00,5.15815787e-08,2022-11-01 00:00:00,STATION5,2022,
2022-12-01,18,2022-12-01 00:00:00,7.75034109e-08,2022-12-01 00:00:00,STATION5,2022,
2018-01-01,47,2018-01-01 00:00:00,1.62212025e-07,2018-01-01 00:00:00,STATION 6,2018,
2018-02-01,56,2018-02-01 00:00:00,8.23005933e-08,2018-02-01 00:00:00,STATION 6,2018,
2018-03-01,38,2018-03-01 00:00:00,4.73713022e-08,2018-03-01 00:00:00,STATION 6,2018,
2018-04-01,27,2018-04-01 00:00:00,5.27856477e-08,2018-04-01 00:00:00,STATION 6,2018,
2018-05-01,19,2018-05-01 00:00:00,2.57839684e-08,2018-05-01 00:00:00,STATION 6,2018,
2018-06-01,16,2018-06-01 00:00:00,1.86097711e-08,2018-06-01 00:00:00,STATION 6,2018,
2018-07-01,16,2018-07-01 00:00:00,1.30043025e-08,2018-07-01 00:00:00,STATION 6,2018,
2018-08-01,21,2018-08-01 00:00:00,9.06300433e-09,2018-08-01 00:00:00,STATION 6,2018,
2018-09-01,24,2018-09-01 00:00:00,1.29078878e-08,2018-09-01 00:00:00,STATION 6,2018,
2018-10-01,61,2018-10-01 00:00:00,2.36721074e-08,2018-10-01 00:00:00,STATION 6,2018,
2018-11-01,52,2018-11-01 00:00:00,4.1128254e-08,2018-11-01 00:00:00,STATION 6,2018,
2018-12-01,69,2018-12-01 00:00:00,1.28585356e-07,2018-12-01 00:00:00,STATION 6,2018,
2019-01-01,57,2019-01-01 00:00:00,9.221331e-08,2019-01-01 00:00:00,STATION 6,2019,
2019-02-01,41,2019-02-01 00:00:00,1.02596693e-07,2019-02-01 00:00:00,STATION 6,2019,
2019-03-01,41,2019-03-01 00:00:00,5.70384693e-08,2019-03-01 00:00:00,STATION 6,2019,
2019-04-01,5,2019-04-01 00:00:00,4.16917549e-08,2019-04-01 00:00:00,STATION 6,2019,
2019-05-01,4,2019-05-01 00:00:00,2.52274974e-08,2019-05-01 00:00:00,STATION 6,2019,
2019-06-01,5,2019-06-01 00:00:00,1.47616446e-08,2019-06-01 00:00:00,STATION 6,2019,
2019-07-01,3,2019-07-01 00:00:00,1.28117761e-08,2019-07-01 00:00:00,STATION 6,2019,
2019-08-01,4,2019-08-01 00:00:00,8.60579388e-09,2019-08-01 00:00:00,STATION 6,2019,
2019-09-01,7,2019-09-01 00:00:00,1.60171668e-08,2019-09-01 00:00:00,STATION 6,2019,
2019-10-01,28,2019-10-01 00:00:00,1.71326171e-08,2019-10-01 00:00:00,STATION 6,2019,
2019-11-01,42,2019-11-01 00:00:00,3.47064736e-08,2019-11-01 00:00:00,STATION 6,2019,
2019-12-01,48,2019-12-01 00:00:00,6.60704229e-08,2019-12-01 00:00:00,STATION 6,2019,
2020-01-01,38,2020-01-01 00:00:00,1.70245918e-07,2020-01-01 00:00:00,STATION 6,2020,
2020-02-01,22,2020-02-01 00:00:00,1.537836e-07,2020-02-01 00:00:00,STATION 6,2020,
2020-03-01,33,2020-03-01 00:00:00,5.91858056e-08,2020-03-01 00:00:00,STATION 6,2020,
2020-04-01,7,2020-04-01 00:00:00,4.39515771e-08,2020-04-01 00:00:00,STATION 6,2020,
2020-05-01,7,2020-05-01 00:00:00,2.65366486e-08,2020-05-01 00:00:00,STATION 6,2020,
2020-06-01,2,2020-06-01 00:00:00,1.79290026e-08,2020-06-01 00:00:00,STATION 6,2020,
2020-07-01,7,2020-07-01 00:00:00,1.08157304e-08,2020-07-01 00:00:00,STATION 6,2020,
2020-08-01,4,2020-08-01 00:00:00,1.01019343e-08,2020-08-01 00:00:00,STATION 6,2020,
2020-09-01,12,2020-09-01 00:00:00,1.18988083e-08,2020-09-01 00:00:00,STATION 6,2020,
2020-10-01,20,2020-10-01 00:00:00,2.67587545e-08,2020-10-01 00:00:00,STATION 6,2020,
2020-11-01,41,2020-11-01 00:00:00,5.80829773e-08,2020-11-01 00:00:00,STATION 6,2020,
2020-12-01,37,2020-12-01 00:00:00,6.74826712e-08,2020-12-01 00:00:00,STATION 6,2020,
2021-01-01,24,2021-01-01 00:00:00,9.10063524e-08,2021-01-01 00:00:00,STATION 6,2021,
2021-02-01,14,2021-02-01 00:00:00,1.46081866e-07,2021-02-01 00:00:00,STATION 6,2021,
2021-03-01,11,2021-03-01 00:00:00,8.61301709e-08,2021-03-01 00:00:00,STATION 6,2021,
2021-04-01,25,2021-04-01 00:00:00,5.07148819e-08,2021-04-01 00:00:00,STATION 6,2021,
2021-05-01,3,2021-05-01 00:00:00,2.30990468e-08,2021-05-01 00:00:00,STATION 6,2021,
2021-06-01,4,2021-06-01 00:00:00,2.07227344e-08,2021-06-01 00:00:00,STATION 6,2021,
2021-07-01,0,2021-07-01 00:00:00,1.64282434e-08,2021-07-01 00:00:00,STATION 6,2021,
2021-08-01,0,2021-08-01 00:00:00,1.06990561e-08,2021-08-01 00:00:00,STATION 6,2021,
2021-09-01,8,2021-09-01 00:00:00,1.78928478e-08,2021-09-01 00:00:00,STATION 6,2021,
2021-10-01,16,2021-10-01 00:00:00,2.44478667e-08,2021-10-01 00:00:00,STATION 6,2021,
2021-11-01,33,2021-11-01 00:00:00,3.30151823e-08,2021-11-01 00:00:00,STATION 6,2021,
2021-12-01,41,2021-12-01 00:00:00,1.2881053e-07,2021-12-01 00:00:00,STATION 6,2021,
2022-01-01,28,2022-01-01 00:00:00,1.25968896e-07,2022-01-01 00:00:00,STATION 6,2022,
2022-02-01,35,2022-02-01 00:00:00,1.38353359e-07,2022-02-01 00:00:00,STATION 6,2022,
2022-03-01,13,2022-03-01 00:00:00,8.5111173e-08,2022-03-01 00:00:00,STATION 6,2022,
2022-04-01,7,2022-04-01 00:00:00,3.84626663e-08,2022-04-01 00:00:00,STATION 6,2022,
2022-05-01,0,2022-05-01 00:00:00,3.36662061e-08,2022-05-01 00:00:00,STATION 6,2022,
2022-06-01,1,2022-06-01 00:00:00,2.11723525e-08,2022-06-01 00:00:00,STATION 6,2022,
2022-07-01,4,2022-07-01 00:00:00,1.53233379e-08,2022-07-01 00:00:00,STATION 6,2022,
2022-08-01,4,2022-08-01 00:00:00,1.08207404e-08,2022-08-01 00:00:00,STATION 6,2022,
2022-09-01,4,2022-09-01 00:00:00,1.07205812e-08,2022-09-01 00:00:00,STATION 6,2022,
2022-10-01,17,2022-10-01 00:00:00,3.76881693e-08,2022-10-01 00:00:00,STATION 6,2022,
2022-11-01,28,2022-11-01 00:00:00,5.44403852e-08,2022-11-01 00:00:00,STATION 6,2022,
2022-12-01,28,2022-12-01 00:00:00,7.56481874e-08,2022-12-01 00:00:00,STATION 6,2022,
2018-01-01,2,2018-01-01 00:00:00,1.5795572e-07,2018-01-01 00:00:00,STATION 7,2018,
2018-02-01,3,2018-02-01 00:00:00,8.01838552e-08,2018-02-01 00:00:00,STATION 7,2018,
2018-03-01,3,2018-03-01 00:00:00,4.79184784e-08,2018-03-01 00:00:00,STATION 7,2018,
2018-04-01,1,2018-04-01 00:00:00,5.26643829e-08,2018-04-01 00:00:00,STATION 7,2018,
2018-05-01,0,2018-05-01 00:00:00,2.58259401e-08,2018-05-01 00:00:00,STATION 7,2018,
2018-06-01,1,2018-06-01 00:00:00,1.89477434e-08,2018-06-01 00:00:00,STATION 7,2018,
2018-07-01,0,2018-07-01 00:00:00,1.34416454e-08,2018-07-01 00:00:00,STATION 7,2018,
2018-08-01,0,2018-08-01 00:00:00,9.22291003e-09,2018-08-01 00:00:00,STATION 7,2018,
2018-09-01,2,2018-09-01 00:00:00,1.31425144e-08,2018-09-01 00:00:00,STATION 7,2018,
2018-10-01,2,2018-10-01 00:00:00,2.32145893e-08,2018-10-01 00:00:00,STATION 7,2018,
2018-11-01,2,2018-11-01 00:00:00,4.21994032e-08,2018-11-01 00:00:00,STATION 7,2018,
2018-12-01,5,2018-12-01 00:00:00,1.30419748e-07,2018-12-01 00:00:00,STATION 7,2018,
2019-01-01,6,2019-01-01 00:00:00,8.64288359e-08,2019-01-01 00:00:00,STATION 7,2019,
2019-02-01,3,2019-02-01 00:00:00,1.00151219e-07,2019-02-01 00:00:00,STATION 7,2019,
2019-03-01,7,2019-03-01 00:00:00,5.55220341e-08,2019-03-01 00:00:00,STATION 7,2019,
2019-04-01,6,2019-04-01 00:00:00,4.01977315e-08,2019-04-01 00:00:00,STATION 7,2019,
2019-05-01,5,2019-05-01 00:00:00,2.47205198e-08,2019-05-01 00:00:00,STATION 7,2019,
2019-06-01,6,2019-06-01 00:00:00,1.55974991e-08,2019-06-01 00:00:00,STATION 7,2019,
2019-07-01,6,2019-07-01 00:00:00,1.27469385e-08,2019-07-01 00:00:00,STATION 7,2019,
2019-08-01,5,2019-08-01 00:00:00,9.16365668e-09,2019-08-01 00:00:00,STATION 7,2019,
2019-09-01,8,2019-09-01 00:00:00,1.64477285e-08,2019-09-01 00:00:00,STATION 7,2019,
2019-10-01,11,2019-10-01 00:00:00,1.70632501e-08,2019-10-01 00:00:00,STATION 7,2019,
2019-11-01,11,2019-11-01 00:00:00,3.55451525e-08,2019-11-01 00:00:00,STATION 7,2019,
2019-12-01,2,2019-12-01 00:00:00,6.82761899e-08,2019-12-01 00:00:00,STATION 7,2019,
2020-01-01,6,2020-01-01 00:00:00,1.69937078e-07,2020-01-01 00:00:00,STATION 7,2020,
2020-02-01,3,2020-02-01 00:00:00,1.49635061e-07,2020-02-01 00:00:00,STATION 7,2020,
2020-03-01,2,2020-03-01 00:00:00,5.6197452e-08,2020-03-01 00:00:00,STATION 7,2020,
2020-04-01,3,2020-04-01 00:00:00,4.33414629e-08,2020-04-01 00:00:00,STATION 7,2020,
2020-05-01,1,2020-05-01 00:00:00,2.64212516e-08,2020-05-01 00:00:00,STATION 7,2020,
2020-06-01,5,2020-06-01 00:00:00,1.82484697e-08,2020-06-01 00:00:00,STATION 7,2020,
2020-07-01,0,2020-07-01 00:00:00,1.13191405e-08,2020-07-01 00:00:00,STATION 7,2020,
2020-08-01,1,2020-08-01 00:00:00,1.01301114e-08,2020-08-01 00:00:00,STATION 7,2020,
2020-09-01,6,2020-09-01 00:00:00,1.20020265e-08,2020-09-01 00:00:00,STATION 7,2020,
2020-10-01,4,2020-10-01 00:00:00,2.6477059e-08,2020-10-01 00:00:00,STATION 7,2020,
2020-11-01,3,2020-11-01 00:00:00,5.809249e-08,2020-11-01 00:00:00,STATION 7,2020,
2020-12-01,8,2020-12-01 00:00:00,6.50955657e-08,2020-12-01 00:00:00,STATION 7,2020,
2021-01-01,9,2021-01-01 00:00:00,8.65783981e-08,2021-01-01 00:00:00,STATION 7,2021,
2021-02-01,0,2021-02-01 00:00:00,1.44504278e-07,2021-02-01 00:00:00,STATION 7,2021,
2021-03-01,0,2021-03-01 00:00:00,8.20623368e-08,2021-03-01 00:00:00,STATION 7,2021,
2021-04-01,2,2021-04-01 00:00:00,5.06170358e-08,2021-04-01 00:00:00,STATION 7,2021,
2021-05-01,0,2021-05-01 00:00:00,2.32330915e-08,2021-05-01 00:00:00,STATION 7,2021,
2021-06-01,5,2021-06-01 00:00:00,2.08108025e-08,2021-06-01 00:00:00,STATION 7,2021,
2021-07-01,0,2021-07-01 00:00:00,1.65971788e-08,2021-07-01 00:00:00,STATION 7,2021,
2021-08-01,0,2021-08-01 00:00:00,1.14063014e-08,2021-08-01 00:00:00,STATION 7,2021,
2021-09-01,2,2021-09-01 00:00:00,1.80816173e-08,2021-09-01 00:00:00,STATION 7,2021,
2021-10-01,5,2021-10-01 00:00:00,2.45120768e-08,2021-10-01 00:00:00,STATION 7,2021,
2021-11-01,7,2021-11-01 00:00:00,3.22171663e-08,2021-11-01 00:00:00,STATION 7,2021,
2021-12-01,2,2021-12-01 00:00:00,1.22918214e-07,2021-12-01 00:00:00,STATION 7,2021,
2022-01-01,8,2022-01-01 00:00:00,1.27431897e-07,2022-01-01 00:00:00,STATION 7,2022,
2022-02-01,5,2022-02-01 00:00:00,1.31640403e-07,2022-02-01 00:00:00,STATION 7,2022,
2022-03-01,4,2022-03-01 00:00:00,8.15776015e-08,2022-03-01 00:00:00,STATION 7,2022,
2022-04-01,6,2022-04-01 00:00:00,3.95757979e-08,2022-04-01 00:00:00,STATION 7,2022,
2022-05-01,6,2022-05-01 00:00:00,3.3634217e-08,2022-05-01 00:00:00,STATION 7,2022,
2022-06-01,6,2022-06-01 00:00:00,2.17913276e-08,2022-06-01 00:00:00,STATION 7,2022,
2022-07-01,7,2022-07-01 00:00:00,1.56524328e-08,2022-07-01 00:00:00,STATION 7,2022,
2022-08-01,4,2022-08-01 00:00:00,1.10602273e-08,2022-08-01 00:00:00,STATION 7,2022,
2022-09-01,4,2022-09-01 00:00:00,1.13030715e-08,2022-09-01 00:00:00,STATION 7,2022,
2022-10-01,1,2022-10-01 00:00:00,3.73129338e-08,2022-10-01 00:00:00,STATION 7,2022,
2022-11-01,5,2022-11-01 00:00:00,5.18658251e-08,2022-11-01 00:00:00,STATION 7,2022,
2022-12-01,0,2022-12-01 00:00:00,7.61892568e-08,2022-12-01 00:00:00,STATION 7,2022,
2018-01-01,7,2018-01-01 00:00:00,1.5795572e-07,2018-01-01 00:00:00,STATION8,2018,
2018-02-01,0,2018-02-01 00:00:00,8.01838552e-08,2018-02-01 00:00:00,STATION8,2018,
2018-03-01,2,2018-03-01 00:00:00,4.79184784e-08,2018-03-01 00:00:00,STATION8,2018,
2018-04-01,1,2018-04-01 00:00:00,5.26643829e-08,2018-04-01 00:00:00,STATION8,2018,
2018-05-01,0,2018-05-01 00:00:00,2.58259401e-08,2018-05-01 00:00:00,STATION8,2018,
2018-06-01,4,2018-06-01 00:00:00,1.89477434e-08,2018-06-01 00:00:00,STATION8,2018,
2018-07-01,4,2018-07-01 00:00:00,1.34416454e-08,2018-07-01 00:00:00,STATION8,2018,
2018-08-01,3,2018-08-01 00:00:00,9.22291003e-09,2018-08-01 00:00:00,STATION8,2018,
2018-09-01,1,2018-09-01 00:00:00,1.31425144e-08,2018-09-01 00:00:00,STATION8,2018,
2018-10-01,0,2018-10-01 00:00:00,2.32145893e-08,2018-10-01 00:00:00,STATION8,2018,
2018-11-01,5,2018-11-01 00:00:00,4.21994032e-08,2018-11-01 00:00:00,STATION8,2018,
2018-12-01,0,2018-12-01 00:00:00,1.30419748e-07,2018-12-01 00:00:00,STATION8,2018,
2019-01-01,2,2019-01-01 00:00:00,8.64288359e-08,2019-01-01 00:00:00,STATION8,2019,
2019-02-01,0,2019-02-01 00:00:00,1.00151219e-07,2019-02-01 00:00:00,STATION8,2019,
2019-03-01,0,2019-03-01 00:00:00,5.55220341e-08,2019-03-01 00:00:00,STATION8,2019,
2019-04-01,0,2019-04-01 00:00:00,4.01977315e-08,2019-04-01 00:00:00,STATION8,2019,
2019-05-01,1,2019-05-01 00:00:00,2.47205198e-08,2019-05-01 00:00:00,STATION8,2019,
2019-06-01,0,2019-06-01 00:00:00,1.55974991e-08,2019-06-01 00:00:00,STATION8,2019,
2019-07-01,1,2019-07-01 00:00:00,1.27469385e-08,2019-07-01 00:00:00,STATION8,2019,
2019-08-01,6,2019-08-01 00:00:00,9.16365668e-09,2019-08-01 00:00:00,STATION8,2019,
2019-09-01,2,2019-09-01 00:00:00,1.64477285e-08,2019-09-01 00:00:00,STATION8,2019,
2019-10-01,1,2019-10-01 00:00:00,1.70632501e-08,2019-10-01 00:00:00,STATION8,2019,
2019-11-01,8,2019-11-01 00:00:00,3.55451525e-08,2019-11-01 00:00:00,STATION8,2019,
2019-12-01,0,2019-12-01 00:00:00,6.82761899e-08,2019-12-01 00:00:00,STATION8,2019,
2020-01-01,1,2020-01-01 00:00:00,1.69937078e-07,2020-01-01 00:00:00,STATION8,2020,
2020-02-01,0,2020-02-01 00:00:00,1.49635061e-07,2020-02-01 00:00:00,STATION8,2020,
2020-03-01,0,2020-03-01 00:00:00,5.6197452e-08,2020-03-01 00:00:00,STATION8,2020,
2020-04-01,0,2020-04-01 00:00:00,4.33414629e-08,2020-04-01 00:00:00,STATION8,2020,
2020-05-01,0,2020-05-01 00:00:00,2.64212516e-08,2020-05-01 00:00:00,STATION8,2020,
2020-06-01,0,2020-06-01 00:00:00,1.82484697e-08,2020-06-01 00:00:00,STATION8,2020,
2020-07-01,0,2020-07-01 00:00:00,1.13191405e-08,2020-07-01 00:00:00,STATION8,2020,
2020-08-01,0,2020-08-01 00:00:00,1.01301114e-08,2020-08-01 00:00:00,STATION8,2020,
2020-09-01,4,2020-09-01 00:00:00,1.20020265e-08,2020-09-01 00:00:00,STATION8,2020,
2020-10-01,2,2020-10-01 00:00:00,2.6477059e-08,2020-10-01 00:00:00,STATION8,2020,
2020-11-01,1,2020-11-01 00:00:00,5.809249e-08,2020-11-01 00:00:00,STATION8,2020,
2020-12-01,0,2020-12-01 00:00:00,6.50955657e-08,2020-12-01 00:00:00,STATION8,2020,
2021-01-01,1,2021-01-01 00:00:00,8.65783981e-08,2021-01-01 00:00:00,STATION8,2021,
2021-02-01,0,2021-02-01 00:00:00,1.44504278e-07,2021-02-01 00:00:00,STATION8,2021,
2021-03-01,0,2021-03-01 00:00:00,8.20623368e-08,2021-03-01 00:00:00,STATION8,2021,
2021-04-01,1,2021-04-01 00:00:00,5.06170358e-08,2021-04-01 00:00:00,STATION8,2021,
2021-05-01,0,2021-05-01 00:00:00,2.32330915e-08,2021-05-01 00:00:00,STATION8,2021,
2021-06-01,0,2021-06-01 00:00:00,2.08108025e-08,2021-06-01 00:00:00,STATION8,2021,
2021-07-01,0,2021-07-01 00:00:00,1.65971788e-08,2021-07-01 00:00:00,STATION8,2021,
2021-08-01,0,2021-08-01 00:00:00,1.14063014e-08,2021-08-01 00:00:00,STATION8,2021,
2021-09-01,0,2021-09-01 00:00:00,1.80816173e-08,2021-09-01 00:00:00,STATION8,2021,
2021-10-01,0,2021-10-01 00:00:00,2.45120768e-08,2021-10-01 00:00:00,STATION8,2021,
2021-11-01,0,2021-11-01 00:00:00,3.22171663e-08,2021-11-01 00:00:00,STATION8,2021,
2021-12-01,0,2021-12-01 00:00:00,1.22918214e-07,2021-12-01 00:00:00,STATION8,2021,
2022-01-01,0,2022-01-01 00:00:00,1.27431897e-07,2022-01-01 00:00:00,STATION8,2022,
2022-02-01,0,2022-02-01 00:00:00,1.31640403e-07,2022-02-01 00:00:00,STATION8,2022,
2022-03-01,0,2022-03-01 00:00:00,8.15776015e-08,2022-03-01 00:00:00,STATION8,2022,
2022-04-01,2,2022-04-01 00:00:00,3.95757979e-08,2022-04-01 00:00:00,STATION8,2022,
2022-05-01,0,2022-05-01 00:00:00,3.3634217e-08,2022-05-01 00:00:00,STATION8,2022,
2022-06-01,2,2022-06-01 00:00:00,2.17913276e-08,2022-06-01 00:00:00,STATION8,2022,
2022-07-01,0,2022-07-01 00:00:00,1.56524328e-08,2022-07-01 00:00:00,STATION8,2022,
2022-08-01,0,2022-08-01 00:00:00,1.10602273e-08,2022-08-01 00:00:00,STATION8,2022,
2022-09-01,0,2022-09-01 00:00:00,1.13030715e-08,2022-09-01 00:00:00,STATION8,2022,
2022-10-01,0,2022-10-01 00:00:00,3.73129338e-08,2022-10-01 00:00:00,STATION8,2022,
2022-11-01,1,2022-11-01 00:00:00,5.18658251e-08,2022-11-01 00:00:00,STATION8,2022,
2022-12-01,1,2022-12-01 00:00:00,7.61892568e-08,2022-12-01 00:00:00,STATION8,2022,
2018-01-01,0,2018-01-01 00:00:00,1.53463894e-07,2018-01-01 00:00:00,STATION 9,2018,
2018-02-01,4,2018-02-01 00:00:00,8.1391992e-08,2018-02-01 00:00:00,STATION 9,2018,
2018-03-01,3,2018-03-01 00:00:00,4.93491105e-08,2018-03-01 00:00:00,STATION 9,2018,
2018-04-01,3,2018-04-01 00:00:00,5.43672875e-08,2018-04-01 00:00:00,STATION 9,2018,
2018-05-01,2,2018-05-01 00:00:00,2.7111635e-08,2018-05-01 00:00:00,STATION 9,2018,
2018-06-01,2,2018-06-01 00:00:00,2.04694043e-08,2018-06-01 00:00:00,STATION 9,2018,
2018-07-01,4,2018-07-01 00:00:00,1.48636758e-08,2018-07-01 00:00:00,STATION 9,2018,
2018-08-01,3,2018-08-01 00:00:00,1.01807696e-08,2018-08-01 00:00:00,STATION 9,2018,
2018-09-01,5,2018-09-01 00:00:00,1.39694698e-08,2018-09-01 00:00:00,STATION 9,2018,
2018-10-01,5,2018-10-01 00:00:00,2.38738641e-08,2018-10-01 00:00:00,STATION 9,2018,
2018-11-01,3,2018-11-01 00:00:00,4.50371624e-08,2018-11-01 00:00:00,STATION 9,2018,
2018-12-01,5,2018-12-01 00:00:00,1.2770333e-07,2018-12-01 00:00:00,STATION 9,2018,
2019-01-01,5,2019-01-01 00:00:00,8.26466515e-08,2019-01-01 00:00:00,STATION 9,2019,
2019-02-01,2,2019-02-01 00:00:00,9.65842867e-08,2019-02-01 00:00:00,STATION 9,2019,
2019-03-01,2,2019-03-01 00:00:00,5.43386668e-08,2019-03-01 00:00:00,STATION 9,2019,
2019-04-01,0,2019-04-01 00:00:00,4.11640151e-08,2019-04-01 00:00:00,STATION 9,2019,
2019-05-01,1,2019-05-01 00:00:00,2.61138741e-08,2019-05-01 00:00:00,STATION 9,2019,
2019-06-01,7,2019-06-01 00:00:00,1.66367817e-08,2019-06-01 00:00:00,STATION 9,2019,
2019-07-01,3,2019-07-01 00:00:00,1.40294992e-08,2019-07-01 00:00:00,STATION 9,2019,
2019-08-01,2,2019-08-01 00:00:00,1.04445611e-08,2019-08-01 00:00:00,STATION 9,2019,
2019-09-01,2,2019-09-01 00:00:00,1.78979968e-08,2019-09-01 00:00:00,STATION 9,2019,
2019-10-01,2,2019-10-01 00:00:00,1.77497807e-08,2019-10-01 00:00:00,STATION 9,2019,
2019-11-01,4,2019-11-01 00:00:00,3.82132073e-08,2019-11-01 00:00:00,STATION 9,2019,
2019-12-01,1,2019-12-01 00:00:00,7.07946749e-08,2019-12-01 00:00:00,STATION 9,2019,
2020-01-01,10,2020-01-01 00:00:00,1.68300095e-07,2020-01-01 00:00:00,STATION 9,2020,
2020-02-01,10,2020-02-01 00:00:00,1.48137954e-07,2020-02-01 00:00:00,STATION 9,2020,
2020-03-01,5,2020-03-01 00:00:00,5.5086684e-08,2020-03-01 00:00:00,STATION 9,2020,
2020-04-01,4,2020-04-01 00:00:00,4.2954255e-08,2020-04-01 00:00:00,STATION 9,2020,
2020-05-01,4,2020-05-01 00:00:00,2.74852912e-08,2020-05-01 00:00:00,STATION 9,2020,
2020-06-01,1,2020-06-01 00:00:00,1.97849378e-08,2020-06-01 00:00:00,STATION 9,2020,
2020-07-01,3,2020-07-01 00:00:00,1.27796988e-08,2020-07-01 00:00:00,STATION 9,2020,
2020-08-01,3,2020-08-01 00:00:00,1.08205528e-08,2020-08-01 00:00:00,STATION 9,2020,
2020-09-01,2,2020-09-01 00:00:00,1.24297672e-08,2020-09-01 00:00:00,STATION 9,2020,
2020-10-01,9,2020-10-01 00:00:00,2.69864397e-08,2020-10-01 00:00:00,STATION 9,2020,
2020-11-01,3,2020-11-01 00:00:00,6.02686209e-08,2020-11-01 00:00:00,STATION 9,2020,
2020-12-01,2,2020-12-01 00:00:00,6.30343032e-08,2020-12-01 00:00:00,STATION 9,2020,
2021-01-01,4,2021-01-01 00:00:00,8.65628215e-08,2021-01-01 00:00:00,STATION 9,2021,
2021-02-01,1,2021-02-01 00:00:00,1.4204247e-07,2021-02-01 00:00:00,STATION 9,2021,
2021-03-01,0,2021-03-01 00:00:00,8.28883999e-08,2021-03-01 00:00:00,STATION 9,2021,
2021-04-01,2,2021-04-01 00:00:00,5.1972617e-08,2021-04-01 00:00:00,STATION 9,2021,
2021-05-01,4,2021-05-01 00:00:00,2.42299942e-08,2021-05-01 00:00:00,STATION 9,2021,
2021-06-01,4,2021-06-01 00:00:00,2.12482209e-08,2021-06-01 00:00:00,STATION 9,2021,
2021-07-01,2,2021-07-01 00:00:00,1.72878218e-08,2021-07-01 00:00:00,STATION 9,2021,
2021-08-01,1,2021-08-01 00:00:00,1.25495315e-08,2021-08-01 00:00:00,STATION 9,2021,
2021-09-01,0,2021-09-01 00:00:00,1.89757058e-08,2021-09-01 00:00:00,STATION 9,2021,
2021-10-01,2,2021-10-01 00:00:00,2.54646728e-08,2021-10-01 00:00:00,STATION 9,2021,
2021-11-01,17,2021-11-01 00:00:00,3.34401988e-08,2021-11-01 00:00:00,STATION 9,2021,
2021-12-01,6,2021-12-01 00:00:00,1.25316221e-07,2021-12-01 00:00:00,STATION 9,2021,
2022-01-01,2,2022-01-01 00:00:00,1.25502952e-07,2022-01-01 00:00:00,STATION 9,2022,
2022-02-01,2,2022-02-01 00:00:00,1.29016917e-07,2022-02-01 00:00:00,STATION 9,2022,
2022-03-01,8,2022-03-01 00:00:00,7.71033939e-08,2022-03-01 00:00:00,STATION 9,2022,
2022-04-01,5,2022-04-01 00:00:00,4.10496467e-08,2022-04-01 00:00:00,STATION 9,2022,
2022-05-01,3,2022-05-01 00:00:00,3.37044682e-08,2022-05-01 00:00:00,STATION 9,2022,
2022-06-01,15,2022-06-01 00:00:00,2.33278818e-08,2022-06-01 00:00:00,STATION 9,2022,
2022-07-01,2,2022-07-01 00:00:00,1.6734959e-08,2022-07-01 00:00:00,STATION 9,2022,
2022-08-01,0,2022-08-01 00:00:00,1.22115297e-08,2022-08-01 00:00:00,STATION 9,2022,
2022-09-01,8,2022-09-01 00:00:00,1.21732353e-08,2022-09-01 00:00:00,STATION 9,2022,
2022-10-01,1,2022-10-01 00:00:00,3.77898135e-08,2022-10-01 00:00:00,STATION 9,2022,
2022-11-01,1,2022-11-01 00:00:00,5.15815787e-08,2022-11-01 00:00:00,STATION 9,2022,
2022-12-01,9,2022-12-01 00:00:00,7.75034109e-08,2022-12-01 00:00:00,STATION 9,2022,
2018-01-01,13,2018-01-01 00:00:00,1.5795572e-07,2018-01-01 00:00:00,STATION 10,2018,
2018-02-01,8,2018-02-01 00:00:00,8.01838552e-08,2018-02-01 00:00:00,STATION 10,2018,
2018-03-01,19,2018-03-01 00:00:00,4.79184784e-08,2018-03-01 00:00:00,STATION 10,2018,
2018-04-01,11,2018-04-01 00:00:00,5.26643829e-08,2018-04-01 00:00:00,STATION 10,2018,
2018-05-01,6,2018-05-01 00:00:00,2.58259401e-08,2018-05-01 00:00:00,STATION 10,2018,
2018-06-01,14,2018-06-01 00:00:00,1.89477434e-08,2018-06-01 00:00:00,STATION 10,2018,
2018-07-01,13,2018-07-01 00:00:00,1.34416454e-08,2018-07-01 00:00:00,STATION 10,2018,
2018-08-01,12,2018-08-01 00:00:00,9.22291003e-09,2018-08-01 00:00:00,STATION 10,2018,
2018-09-01,13,2018-09-01 00:00:00,1.31425144e-08,2018-09-01 00:00:00,STATION 10,2018,
2018-10-01,4,2018-10-01 00:00:00,2.32145893e-08,2018-10-01 00:00:00,STATION 10,2018,
2018-11-01,22,2018-11-01 00:00:00,4.21994032e-08,2018-11-01 00:00:00,STATION 10,2018,
2018-12-01,13,2018-12-01 00:00:00,1.30419748e-07,2018-12-01 00:00:00,STATION 10,2018,
2019-01-01,0,2019-01-01 00:00:00,8.64288359e-08,2019-01-01 00:00:00,STATION 10,2019,
2019-02-01,0,2019-02-01 00:00:00,1.00151219e-07,2019-02-01 00:00:00,STATION 10,2019,
2019-03-01,0,2019-03-01 00:00:00,5.55220341e-08,2019-03-01 00:00:00,STATION 10,2019,
2019-04-01,0,2019-04-01 00:00:00,4.01977315e-08,2019-04-01 00:00:00,STATION 10,2019,
2019-05-01,0,2019-05-01 00:00:00,2.47205198e-08,2019-05-01 00:00:00,STATION 10,2019,
2019-06-01,0,2019-06-01 00:00:00,1.55974991e-08,2019-06-01 00:00:00,STATION 10,2019,
2019-07-01,0,2019-07-01 00:00:00,1.27469385e-08,2019-07-01 00:00:00,STATION 10,2019,
2019-08-01,0,2019-08-01 00:00:00,9.16365668e-09,2019-08-01 00:00:00,STATION 10,2019,
2019-09-01,0,2019-09-01 00:00:00,1.64477285e-08,2019-09-01 00:00:00,STATION 10,2019,
2019-10-01,0,2019-10-01 00:00:00,1.70632501e-08,2019-10-01 00:00:00,STATION 10,2019,
2019-11-01,0,2019-11-01 00:00:00,3.55451525e-08,2019-11-01 00:00:00,STATION 10,2019,
2019-12-01,0,2019-12-01 00:00:00,6.82761899e-08,2019-12-01 00:00:00,STATION 10,2019,
2020-01-01,0,2020-01-01 00:00:00,1.69937078e-07,2020-01-01 00:00:00,STATION 10,2020,
2020-02-01,23,2020-02-01 00:00:00,1.49635061e-07,2020-02-01 00:00:00,STATION 10,2020,
2020-03-01,8,2020-03-01 00:00:00,5.6197452e-08,2020-03-01 00:00:00,STATION 10,2020,
2020-04-01,5,2020-04-01 00:00:00,4.33414629e-08,2020-04-01 00:00:00,STATION 10,2020,
2020-05-01,2,2020-05-01 00:00:00,2.64212516e-08,2020-05-01 00:00:00,STATION 10,2020,
2020-06-01,1,2020-06-01 00:00:00,1.82484697e-08,2020-06-01 00:00:00,STATION 10,2020,
2020-07-01,2,2020-07-01 00:00:00,1.13191405e-08,2020-07-01 00:00:00,STATION 10,2020,
2020-08-01,14,2020-08-01 00:00:00,1.01301114e-08,2020-08-01 00:00:00,STATION 10,2020,
2020-09-01,8,2020-09-01 00:00:00,1.20020265e-08,2020-09-01 00:00:00,STATION 10,2020,
2020-10-01,9,2020-10-01 00:00:00,2.6477059e-08,2020-10-01 00:00:00,STATION 10,2020,
2020-11-01,16,2020-11-01 00:00:00,5.809249e-08,2020-11-01 00:00:00,STATION 10,2020,
2020-12-01,17,2020-12-01 00:00:00,6.50955657e-08,2020-12-01 00:00:00,STATION 10,2020,
2021-01-01,14,2021-01-01 00:00:00,8.65783981e-08,2021-01-01 00:00:00,STATION 10,2021,
2021-02-01,0,2021-02-01 00:00:00,1.44504278e-07,2021-02-01 00:00:00,STATION 10,2021,
2021-03-01,1,2021-03-01 00:00:00,8.20623368e-08,2021-03-01 00:00:00,STATION 10,2021,
2021-04-01,5,2021-04-01 00:00:00,5.06170358e-08,2021-04-01 00:00:00,STATION 10,2021,
2021-05-01,10,2021-05-01 00:00:00,2.32330915e-08,2021-05-01 00:00:00,STATION 10,2021,
2021-06-01,2,2021-06-01 00:00:00,2.08108025e-08,2021-06-01 00:00:00,STATION 10,2021,
2021-07-01,0,2021-07-01 00:00:00,1.65971788e-08,2021-07-01 00:00:00,STATION 10,2021,
2021-08-01,0,2021-08-01 00:00:00,1.14063014e-08,2021-08-01 00:00:00,STATION 10,2021,
2021-09-01,7,2021-09-01 00:00:00,1.80816173e-08,2021-09-01 00:00:00,STATION 10,2021,
2021-10-01,8,2021-10-01 00:00:00,2.45120768e-08,2021-10-01 00:00:00,STATION 10,2021,
2021-11-01,7,2021-11-01 00:00:00,3.22171663e-08,2021-11-01 00:00:00,STATION 10,2021,
2021-12-01,4,2021-12-01 00:00:00,1.22918214e-07,2021-12-01 00:00:00,STATION 10,2021,
2022-01-01,16,2022-01-01 00:00:00,1.27431897e-07,2022-01-01 00:00:00,STATION 10,2022,
2022-02-01,6,2022-02-01 00:00:00,1.31640403e-07,2022-02-01 00:00:00,STATION 10,2022,
2022-03-01,15,2022-03-01 00:00:00,8.15776015e-08,2022-03-01 00:00:00,STATION 10,2022,
2022-04-01,16,2022-04-01 00:00:00,3.95757979e-08,2022-04-01 00:00:00,STATION 10,2022,
2022-05-01,16,2022-05-01 00:00:00,3.3634217e-08,2022-05-01 00:00:00,STATION 10,2022,
2022-06-01,17,2022-06-01 00:00:00,2.17913276e-08,2022-06-01 00:00:00,STATION 10,2022,
2022-07-01,8,2022-07-01 00:00:00,1.56524328e-08,2022-07-01 00:00:00,STATION 10,2022,
2022-08-01,2,2022-08-01 00:00:00,1.10602273e-08,2022-08-01 00:00:00,STATION 10,2022,
2022-09-01,9,2022-09-01 00:00:00,1.13030715e-08,2022-09-01 00:00:00,STATION 10,2022,
2022-10-01,1,2022-10-01 00:00:00,3.73129338e-08,2022-10-01 00:00:00,STATION 10,2022,
2022-11-01,19,2022-11-01 00:00:00,5.18658251e-08,2022-11-01 00:00:00,STATION 10,2022,
2022-12-01,23,2022-12-01 00:00:00,7.61892568e-08,2022-12-01 00:00:00,STATION 10,2022,
2018-01-01,47,2018-01-01 00:00:00,1.60995293e-07,2018-01-01 00:00:00,STATION11,2018,
2018-02-01,35,2018-02-01 00:00:00,8.35271366e-08,2018-02-01 00:00:00,STATION11,2018,
2018-03-01,33,2018-03-01 00:00:00,5.27040335e-08,2018-03-01 00:00:00,STATION11,2018,
2018-04-01,27,2018-04-01 00:00:00,5.59348595e-08,2018-04-01 00:00:00,STATION11,2018,
2018-05-01,36,2018-05-01 00:00:00,2.89099112e-08,2018-05-01 00:00:00,STATION11,2018,
2018-06-01,64,2018-06-01 00:00:00,2.20097707e-08,2018-06-01 00:00:00,STATION11,2018,
2018-07-01,63,2018-07-01 00:00:00,1.52159419e-08,2018-07-01 00:00:00,STATION11,2018,
2018-08-01,46,2018-08-01 00:00:00,1.06697429e-08,2018-08-01 00:00:00,STATION11,2018,
2018-09-01,44,2018-09-01 00:00:00,1.54043072e-08,2018-09-01 00:00:00,STATION11,2018,
2018-10-01,73,2018-10-01 00:00:00,2.70748488e-08,2018-10-01 00:00:00,STATION11,2018,
2018-11-01,44,2018-11-01 00:00:00,4.39544396e-08,2018-11-01 00:00:00,STATION11,2018,
2018-12-01,51,2018-12-01 00:00:00,1.35089127e-07,2018-12-01 00:00:00,STATION11,2018,
2019-01-01,45,2019-01-01 00:00:00,8.3719287e-08,2019-01-01 00:00:00,STATION11,2019,
2019-02-01,65,2019-02-01 00:00:00,9.97908053e-08,2019-02-01 00:00:00,STATION11,2019,
2019-03-01,42,2019-03-01 00:00:00,5.41854891e-08,2019-03-01 00:00:00,STATION11,2019,
2019-04-01,43,2019-04-01 00:00:00,4.44067475e-08,2019-04-01 00:00:00,STATION11,2019,
2019-05-01,49,2019-05-01 00:00:00,2.69984134e-08,2019-05-01 00:00:00,STATION11,2019,
2019-06-01,39,2019-06-01 00:00:00,1.70229656e-08,2019-06-01 00:00:00,STATION11,2019,
2019-07-01,42,2019-07-01 00:00:00,1.39831614e-08,2019-07-01 00:00:00,STATION11,2019,
2019-08-01,47,2019-08-01 00:00:00,1.05597005e-08,2019-08-01 00:00:00,STATION11,2019,
2019-09-01,49,2019-09-01 00:00:00,1.9670502e-08,2019-09-01 00:00:00,STATION11,2019,
2019-10-01,34,2019-10-01 00:00:00,1.92047438e-08,2019-10-01 00:00:00,STATION11,2019,
2019-11-01,31,2019-11-01 00:00:00,3.63567403e-08,2019-11-01 00:00:00,STATION11,2019,
2019-12-01,39,2019-12-01 00:00:00,6.97023356e-08,2019-12-01 00:00:00,STATION11,2019,
2020-01-01,27,2020-01-01 00:00:00,1.70257188e-07,2020-01-01 00:00:00,STATION11,2020,
2020-02-01,24,2020-02-01 00:00:00,1.54495817e-07,2020-02-01 00:00:00,STATION11,2020,
2020-03-01,26,2020-03-01 00:00:00,5.68415849e-08,2020-03-01 00:00:00,STATION11,2020,
2020-04-01,20,2020-04-01 00:00:00,4.5832909e-08,2020-04-01 00:00:00,STATION11,2020,
2020-05-01,18,2020-05-01 00:00:00,2.98083859e-08,2020-05-01 00:00:00,STATION11,2020,
2020-06-01,32,2020-06-01 00:00:00,2.07590162e-08,2020-06-01 00:00:00,STATION11,2020,
2020-07-01,17,2020-07-01 00:00:00,1.27344745e-08,2020-07-01 00:00:00,STATION11,2020,
2020-08-01,17,2020-08-01 00:00:00,1.0622354e-08,2020-08-01 00:00:00,STATION11,2020,
2020-09-01,16,2020-09-01 00:00:00,1.45356218e-08,2020-09-01 00:00:00,STATION11,2020,
2020-10-01,16,2020-10-01 00:00:00,2.94651913e-08,2020-10-01 00:00:00,STATION11,2020,
2020-11-01,21,2020-11-01 00:00:00,6.51415814e-08,2020-11-01 00:00:00,STATION11,2020,
2020-12-01,23,2020-12-01 00:00:00,6.42328425e-08,2020-12-01 00:00:00,STATION11,2020,
2021-01-01,20,2021-01-01 00:00:00,9.24334967e-08,2021-01-01 00:00:00,STATION11,2021,
2021-02-01,25,2021-02-01 00:00:00,1.41538745e-07,2021-02-01 00:00:00,STATION11,2021,
2021-03-01,17,2021-03-01 00:00:00,8.71711295e-08,2021-03-01 00:00:00,STATION11,2021,
2021-04-01,19,2021-04-01 00:00:00,5.28417864e-08,2021-04-01 00:00:00,STATION11,2021,
2021-05-01,36,2021-05-01 00:00:00,2.54140756e-08,2021-05-01 00:00:00,STATION11,2021,
2021-06-01,41,2021-06-01 00:00:00,2.2363815e-08,2021-06-01 00:00:00,STATION11,2021,
2021-07-01,54,2021-07-01 00:00:00,1.77447241e-08,2021-07-01 00:00:00,STATION11,2021,
2021-08-01,34,2021-08-01 00:00:00,1.2636337e-08,2021-08-01 00:00:00,STATION11,2021,
2021-09-01,36,2021-09-01 00:00:00,2.07492685e-08,2021-09-01 00:00:00,STATION11,2021,
2021-10-01,39,2021-10-01 00:00:00,2.86619541e-08,2021-10-01 00:00:00,STATION11,2021,
2021-11-01,38,2021-11-01 00:00:00,3.62206168e-08,2021-11-01 00:00:00,STATION11,2021,
2021-12-01,37,2021-12-01 00:00:00,1.36301594e-07,2021-12-01 00:00:00,STATION11,2021,
2022-01-01,35,2022-01-01 00:00:00,1.24416888e-07,2022-01-01 00:00:00,STATION11,2022,
2022-02-01,28,2022-02-01 00:00:00,1.34912165e-07,2022-02-01 00:00:00,STATION11,2022,
2022-03-01,21,2022-03-01 00:00:00,8.20943341e-08,2022-03-01 00:00:00,STATION11,2022,
2022-04-01,22,2022-04-01 00:00:00,4.23711516e-08,2022-04-01 00:00:00,STATION11,2022,
2022-05-01,30,2022-05-01 00:00:00,3.52302854e-08,2022-05-01 00:00:00,STATION11,2022,
2022-06-01,46,2022-06-01 00:00:00,2.40096707e-08,2022-06-01 00:00:00,STATION11,2022,
2022-07-01,33,2022-07-01 00:00:00,1.69336408e-08,2022-07-01 00:00:00,STATION11,2022,
2022-08-01,34,2022-08-01 00:00:00,1.19847181e-08,2022-08-01 00:00:00,STATION11,2022,
2022-09-01,37,2022-09-01 00:00:00,1.28974026e-08,2022-09-01 00:00:00,STATION11,2022,
2022-10-01,56,2022-10-01 00:00:00,4.25391344e-08,2022-10-01 00:00:00,STATION11,2022,
2022-11-01,38,2022-11-01 00:00:00,5.37620414e-08,2022-11-01 00:00:00,STATION11,2022,
2022-12-01,43,2022-12-01 00:00:00,7.69216285e-08,2022-12-01 00:00:00,STATION11,2022,
2018-01-01,18,2018-01-01 00:00:00,1.61680176e-07,2018-01-01 00:00:00,STATION 12 SDA,2018,
2018-02-01,17,2018-02-01 00:00:00,8.26049696e-08,2018-02-01 00:00:00,STATION 12 SDA,2018,
2018-03-01,12,2018-03-01 00:00:00,5.15410611e-08,2018-03-01 00:00:00,STATION 12 SDA,2018,
2018-04-01,11,2018-04-01 00:00:00,5.45453688e-08,2018-04-01 00:00:00,STATION 12 SDA,2018,
2018-05-01,15,2018-05-01 00:00:00,2.78506967e-08,2018-05-01 00:00:00,STATION 12 SDA,2018,
2018-06-01,31,2018-06-01 00:00:00,2.06731444e-08,2018-06-01 00:00:00,STATION 12 SDA,2018,
2018-07-01,31,2018-07-01 00:00:00,1.4433399e-08,2018-07-01 00:00:00,STATION 12 SDA,2018,
2018-08-01,22,2018-08-01 00:00:00,1.00977091e-08,2018-08-01 00:00:00,STATION 12 SDA,2018,
2018-09-01,15,2018-09-01 00:00:00,1.4949343e-08,2018-09-01 00:00:00,STATION 12 SDA,2018,
2018-10-01,30,2018-10-01 00:00:00,2.66437136e-08,2018-10-01 00:00:00,STATION 12 SDA,2018,
2018-11-01,18,2018-11-01 00:00:00,4.2237292e-08,2018-11-01 00:00:00,STATION 12 SDA,2018,
2018-12-01,20,2018-12-01 00:00:00,1.34906335e-07,2018-12-01 00:00:00,STATION 12 SDA,2018,
2019-01-01,25,2019-01-01 00:00:00,8.80164325e-08,2019-01-01 00:00:00,STATION 12 SDA,2019,
2019-02-01,30,2019-02-01 00:00:00,1.01658351e-07,2019-02-01 00:00:00,STATION 12 SDA,2019,
2019-03-01,26,2019-03-01 00:00:00,5.55682514e-08,2019-03-01 00:00:00,STATION 12 SDA,2019,
2019-04-01,20,2019-04-01 00:00:00,4.36338896e-08,2019-04-01 00:00:00,STATION 12 SDA,2019,
2019-05-01,22,2019-05-01 00:00:00,2.53620374e-08,2019-05-01 00:00:00,STATION 12 SDA,2019,
2019-06-01,31,2019-06-01 00:00:00,1.61142121e-08,2019-06-01 00:00:00,STATION 12 SDA,2019,
2019-07-01,29,2019-07-01 00:00:00,1.31156442e-08,2019-07-01 00:00:00,STATION 12 SDA,2019,
2019-08-01,29,2019-08-01 00:00:00,9.57207331e-09,2019-08-01 00:00:00,STATION 12 SDA,2019,
2019-09-01,28,2019-09-01 00:00:00,1.8680536e-08,2019-09-01 00:00:00,STATION 12 SDA,2019,
2019-10-01,26,2019-10-01 00:00:00,1.85109857e-08,2019-10-01 00:00:00,STATION 12 SDA,2019,
2019-11-01,18,2019-11-01 00:00:00,3.40312317e-08,2019-11-01 00:00:00,STATION 12 SDA,2019,
2019-12-01,21,2019-12-01 00:00:00,6.55532141e-08,2019-12-01 00:00:00,STATION 12 SDA,2019,
2020-01-01,9,2020-01-01 00:00:00,1.67077488e-07,2020-01-01 00:00:00,STATION 12 SDA,2020,
2020-02-01,8,2020-02-01 00:00:00,1.53799385e-07,2020-02-01 00:00:00,STATION 12 SDA,2020,
2020-03-01,11,2020-03-01 00:00:00,6.04906276e-08,2020-03-01 00:00:00,STATION 12 SDA,2020,
2020-04-01,10,2020-04-01 00:00:00,4.61113001e-08,2020-04-01 00:00:00,STATION 12 SDA,2020,
2020-05-01,8,2020-05-01 00:00:00,2.95724061e-08,2020-05-01 00:00:00,STATION 12 SDA,2020,
2020-06-01,13,2020-06-01 00:00:00,1.95654079e-08,2020-06-01 00:00:00,STATION 12 SDA,2020,
2020-07-01,8,2020-07-01 00:00:00,1.14444191e-08,2020-07-01 00:00:00,STATION 12 SDA,2020,
2020-08-01,5,2020-08-01 00:00:00,1.03360618e-08,2020-08-01 00:00:00,STATION 12 SDA,2020,
2020-09-01,9,2020-09-01 00:00:00,1.35499369e-08,2020-09-01 00:00:00,STATION 12 SDA,2020,
2020-10-01,7,2020-10-01 00:00:00,2.91190432e-08,2020-10-01 00:00:00,STATION 12 SDA,2020,
2020-11-01,10,2020-11-01 00:00:00,6.14840907e-08,2020-11-01 00:00:00,STATION 12 SDA,2020,
2020-12-01,12,2020-12-01 00:00:00,6.58498946e-08,2020-12-01 00:00:00,STATION 12 SDA,2020,
2021-01-01,10,2021-01-01 00:00:00,9.1823012e-08,2021-01-01 00:00:00,STATION 12 SDA,2021,
2021-02-01,10,2021-02-01 00:00:00,1.42590271e-07,2021-02-01 00:00:00,STATION 12 SDA,2021,
2021-03-01,6,2021-03-01 00:00:00,8.68114439e-08,2021-03-01 00:00:00,STATION 12 SDA,2021,
2021-04-01,10,2021-04-01 00:00:00,5.13954466e-08,2021-04-01 00:00:00,STATION 12 SDA,2021,
2021-05-01,15,2021-05-01 00:00:00,2.42332272e-08,2021-05-01 00:00:00,STATION 12 SDA,2021,
2021-06-01,19,2021-06-01 00:00:00,2.19329146e-08,2021-06-01 00:00:00,STATION 12 SDA,2021,
2021-07-01,20,2021-07-01 00:00:00,1.74047989e-08,2021-07-01 00:00:00,STATION 12 SDA,2021,
2021-08-01,20,2021-08-01 00:00:00,1.1581712e-08,2021-08-01 00:00:00,STATION 12 SDA,2021,
2021-09-01,12,2021-09-01 00:00:00,2.01708974e-08,2021-09-01 00:00:00,STATION 12 SDA,2021,
2021-10-01,26,2021-10-01 00:00:00,2.77164292e-08,2021-10-01 00:00:00,STATION 12 SDA,2021,
2021-11-01,17,2021-11-01 00:00:00,3.62017765e-08,2021-11-01 00:00:00,STATION 12 SDA,2021,
2021-12-01,16,2021-12-01 00:00:00,1.33005604e-07,2021-12-01 00:00:00,STATION 12 SDA,2021,
2022-01-01,20,2022-01-01 00:00:00,1.2546636e-07,2022-01-01 00:00:00,STATION 12 SDA,2022,
2022-02-01,13,2022-02-01 00:00:00,1.39900662e-07,2022-02-01 00:00:00,STATION 12 SDA,2022,
2022-03-01,12,2022-03-01 00:00:00,9.17235174e-08,2022-03-01 00:00:00,STATION 12 SDA,2022,
2022-04-01,12,2022-04-01 00:00:00,4.124652e-08,2022-04-01 00:00:00,STATION 12 SDA,2022,
2022-05-01,11,2022-05-01 00:00:00,3.55459402e-08,2022-05-01 00:00:00,STATION 12 SDA,2022,
2022-06-01,24,2022-06-01 00:00:00,2.26663461e-08,2022-06-01 00:00:00,STATION 12 SDA,2022,
2022-07-01,21,2022-07-01 00:00:00,1.61696755e-08,2022-07-01 00:00:00,STATION 12 SDA,2022,
2022-08-01,17,2022-08-01 00:00:00,1.11704482e-08,2022-08-01 00:00:00,STATION 12 SDA,2022,
2022-09-01,16,2022-09-01 00:00:00,1.20067165e-08,2022-09-01 00:00:00,STATION 12 SDA,2022,
2022-10-01,24,2022-10-01 00:00:00,4.1174591e-08,2022-10-01 00:00:00,STATION 12 SDA,2022,
2022-11-01,21,2022-11-01 00:00:00,5.37434448e-08,2022-11-01 00:00:00,STATION 12 SDA,2022,
2022-12-01,24,2022-12-01 00:00:00,7.45865752e-08,2022-12-01 00:00:00,STATION 12 SDA,2022,
